"studyYear","studyDbId","studyName","studyDesign","locationDbId","locationName","germplasmDbId","germplasmName","germplasmSynonyms","observationLevel","observationUnitDbId","observationUnitName","replicate","blockNumber","plotNumber","Fresh weight of storage root samples measuring g|CO_331:0000243","Dry weight of storage root samples measuring g|CO_331:0000247","Number of plants planted per NET plot|CO_331:0000678","Number of plants established per NET plot|CO_331:0000192","Number of plants harvested per NET plot|CO_331:0000679","Number of plants with storage roots per NET plot|CO_331:0000211","Number of commercial storage roots per NET plot|CO_331:0000214","Number of non-commercial storage roots per NET plot|CO_331:0000217","Alcidodes sp. damage estimating 1-9|CO_331:0000806","Millipede damage estimating 1-9|CO_331:0000805","Storage root predominant Flesh color estimating 1-9|CO_331:0000178","Storage root skin predominant color estimating 1-9 CIP|CO_331:0000175","Reaction to Striped sweet potato weevil estimating 1-9|CO_331:0000720","Storage root appearance estimating 1-9 CIP|CO_331:0000202","Storage root size estimating 1-9|CO_331:0000184","Vine vigor estimating 1-9|CO_331:0000197","Virus symptoms estimating 1-9|CO_331:0000193","Virus symptoms estimating 1-9|month 1|before harvest|COMP:0000024","Weight of commercial storage roots per NET plot in kg|CO_331:0000220","Weight of non-commercial storage roots per NET plot in kg|CO_331:0000223","Weight of vines per NET plot in kg|CO_331:0000227","Total storage root weight per NET plot in kg|CO_331:0000237","Biomass yield in kg per plot|CO_331:0000683","Number of storage roots after harvest per NET plot|CO_331:0000233","Average commercial storage root weight computation kg|CO_331:0000680","Average non-commercial storage root weight computation kg|CO_331:0002039","Average total storage root weight computation kg|CO_331:0002040","Number of storage roots-after harvest per plant harvested|CO_331:0000230","Number of storage roots-after harvest per plant planted|CO_331:0000994","Number of commercial storage roots per plant harvested|CO_331:2000036","Number of commercial storage roots per plant planted|CO_331:0000993","Storage roots yield in kg per plant harvested|CO_331:0000681","Storage roots yield in kg per plant planted|CO_331:0000989","Vine weight in kg per plant harvested|CO_331:0000990","Vine weight in kg per plant planted|CO_331:0000991","Percentage of commercial storage root|CO_331:0000682","Harvest index computing percent|CO_331:0000302","Survival index computing percent|CO_331:0000301","Storage root dry matter content computing percent|CO_331:0000297","Total storage root weight in dry weight basis per NET plot in kg|CO_331:0000995","Commercial storage root yield tons per ha|CO_331:0000809","Commercial storage root yield adjusted tons per ha|CO_331:0000998","Total storage roots yield computation tons per ha|CO_331:0000296","Total storage roots yield adjusted tons per ha|CO_331:0000999","Total foliage yield in tons per ha|CO_331:0000684","Total foliage yield adjusted in tons per ha|CO_331:0001002","Storage root dry matter yield per NET plot in tons per ha|CO_331:0001000","Storage root dry matter yield adjusted per NET plot in tons per ha|CO_331:0001001","Biomass yield in tons per ha|CO_331:0001003","Biomass yield adjusted in tons per ha|CO_331:0001004"
"","","GHP2014KMD-PT02","","","","","","","","","GHP2014KMD-PT02-00001","","","","","","10","2","0","0","0","0","","","","","","","","1","7","9","0","0","0","0","0","0","","","","","0","","0","","0","","0","","","0","","","0","","0","","0","","","","0",""
"","","GHP2014KMD-PT02","","","","","","","","","GHP2014KMD-PT02-00002","","","","50.11","20.81","10","9","9","9","25","9","1","1","5","2","3","5","7","8","3","3","13.1","0.4","2.6","13.5","16.1","34","0.524","0.044444444","0.397058824","3.777777778","3.4","2.777777778","2.5","1.5","1.35","0.288888889","0.26","73.52941176","83.85093168","90","41.528637","5.606365995","43.66666667","48.51851852","45","50","8.666666667","9.62962963","18.68788665","20.7643185","53.66666667","59.62962963"
"","","GHP2014KMD-PT02","","","","","","","","","GHP2014KMD-PT02-00003","","","","","","10","8","8","7","3","11","3","1","","","3","3","4","5","3","5","1.7","1.3","1.2","3","4.2","14","0.566666667","0.118181818","0.214285714","1.75","1.4","0.375","0.3","0.375","0.3","0.15","0.12","21.42857143","71.42857143","80","","","5.666666667","7.083333333","10","12.5","4","5","","","14","17.5"
"","","GHP2014KMD-PT02","","","","","","","","","GHP2014KMD-PT02-00004","","","","50.46","20.06","10","10","10","9","10","17","4","1","5","2","3","5","4","7","4","4","3.2","1.1","2.6","4.3","6.9","27","0.32","0.064705882","0.159259259","2.7","2.7","1","1","0.43","0.43","0.26","0.26","37.03703704","62.31884058","100","39.7542608","1.709433214","10.66666667","10.66666667","14.33333333","14.33333333","8.666666667","8.666666667","5.698110715","5.698110715","23","23"
"","","GHP2014KMD-PT02","","","","","","","","","GHP2014KMD-PT02-00005","","","","50.81","22.17","10","10","10","10","18","19","2","1","5","8","2","5","6","7","4","5","8.2","1.2","5","9.4","14.4","37","0.455555556","0.063157895","0.254054054","3.7","3.7","1.8","1.8","0.94","0.94","0.5","0.5","48.64864865","65.27777778","100","43.63314308","4.10151545","27.33333333","27.33333333","31.33333333","31.33333333","16.66666667","16.66666667","13.67171817","13.67171817","48","48"
"","","GHP2014KMD-PT02","","","","","","","","","GHP2014KMD-PT02-00006","","","","50.95","20.28","10","10","10","6","4","19","4","1","3","2","2","4","3","7","3","5","0.1","0.1","4.8","0.2","5","23","0.025","0.005263158","0.008695652","2.3","2.3","0.4","0.4","0.02","0.02","0.48","0.48","17.39130435","4","100","39.80372915","0.079607458","0.333333333","0.333333333","0.666666667","0.666666667","16","16","0.265358194","0.265358194","16.66666667","16.66666667"
"","","GHP2014KMD-PT02","","","","","","","","","GHP2014KMD-PT02-00007","","","","50.35","21.14","10","10","10","10","9","25","2","1","9","9","2","5","6","6","3","6","5.1","3.1","0.8","8.2","9","34","0.566666667","0.124","0.241176471","3.4","3.4","0.9","0.9","0.82","0.82","0.08","0.08","26.47058824","91.11111111","100","41.98609732","3.44285998","17","17","27.33333333","27.33333333","2.666666667","2.666666667","11.47619993","11.47619993","30","30"
"","","GHP2014KMD-PT02","","","","","","","","","GHP2014KMD-PT02-00008","","","","","","10","0","","","","","","","","","","","","","9","","","","","","","","","","","","","","","","","","","","","","","","","","","","","","","","",""
"","","GHP2014KMD-PT02","","","","","","","","","GHP2014KMD-PT02-00009","","","","50.68","15.66","10","10","10","10","17","21","4","2","8","5","3","5","6","4","5","8","8.6","3.4","1.4","12","13.4","38","0.505882353","0.161904762","0.315789474","3.8","3.8","1.7","1.7","1.2","1.2","0.14","0.14","44.73684211","89.55223881","100","30.89976322","3.707971586","28.66666667","28.66666667","40","40","4.666666667","4.666666667","12.35990529","12.35990529","44.66666667","44.66666667"
"","","GHP2014KMD-PT02","","","","","","","","","GHP2014KMD-PT02-00010","","","","50.23","18.06","10","10","10","10","8","20","3","1","5","2","3","5","6","6","3","4","4.1","2.4","1.8","6.5","8.3","28","0.5125","0.12","0.232142857","2.8","2.8","0.8","0.8","0.65","0.65","0.18","0.18","28.57142857","78.31325301","100","35.9546088","2.337049572","13.66666667","13.66666667","21.66666667","21.66666667","6","6","7.79016524","7.79016524","27.66666667","27.66666667"
"","","GHP2014KMD-PT02","","","","","","","","","GHP2014KMD-PT02-00011","","","","","","10","9","9","8","7","10","4","2","","","4","4","5","6","4","5","3.4","1.2","1.6","4.6","6.2","17","0.485714286","0.12","0.270588235","1.888888889","1.7","0.777777778","0.7","0.511111111","0.46","0.177777778","0.16","41.17647059","74.19354839","90","","","11.33333333","12.59259259","15.33333333","17.03703704","5.333333333","5.925925926","","","20.66666667","22.96296296"
"","","GHP2014KMD-PT02","","","","","","","","","GHP2014KMD-PT02-00012","","","","","","10","0","","","","","","","","","","","","","8","","","","","","","","","","","","","","","","","","","","","","","","","","","","","","","","",""
"","","GHP2014KMD-PT02","","","","","","","","","GHP2014KMD-PT02-00013","","","","50.55","13.61","10","10","10","9","13","17","3","1","6","8","4","5","8","5","6","6","6.3","1.1","0.6","7.4","8","30","0.484615385","0.064705882","0.246666667","3","3","1.3","1.3","0.74","0.74","0.06","0.06","43.33333333","92.5","100","26.92383778","1.992363996","21","21","24.66666667","24.66666667","2","2","6.64121332","6.64121332","26.66666667","26.66666667"
"","","GHP2014KMD-PT02","","","","","","","","","GHP2014KMD-PT02-00014","","","","","","10","0","","","","","","","","","","","","","7","","","","","","","","","","","","","","","","","","","","","","","","","","","","","","","","",""
"","","GHP2014KMD-PT02","","","","","","","","","GHP2014KMD-PT02-00015","","","","","","10","0","","","","","","","","","","","","","9","","","","","","","","","","","","","","","","","","","","","","","","","","","","","","","","",""
"","","GHP2014KMD-PT02","","","","","","","","","GHP2014KMD-PT02-00016","","","","","","10","5","5","3","0","7","5","1","","","2","2","1","5","5","6","0","0.1","3.2","0.1","3.3","7","","0.014285714","0.014285714","1.4","0.7","0","0","0.02","0.01","0.64","0.32","0","3.03030303","50","","","0","0","0.333333333","0.666666667","10.66666667","21.33333333","","","11","22"
"","","GHP2014KMD-PT02","","","","","","","","","GHP2014KMD-PT02-00017","","","","","","10","0","","","","","","","","","","","","","9","","","","","","","","","","","","","","","","","","","","","","","","","","","","","","","","",""
"","","GHP2014KMD-PT02","","","","","","","","","GHP2014KMD-PT02-00018","","","","","","10","10","10","3","4","2","5","1","","","2","3","2","5","4","6","0.2","0.1","3.2","0.3","3.5","6","0.05","0.05","0.05","0.6","0.6","0.4","0.4","0.03","0.03","0.32","0.32","66.66666667","8.571428571","100","","","0.666666667","0.666666667","1","1","10.66666667","10.66666667","","","11.66666667","11.66666667"
"","","GHP2014KMD-PT02","","","","","","","","","GHP2014KMD-PT02-00019","","","","","","10","9","9","5","3","9","2","1","","","2","3","4","6","4","6","0.6","0.4","1.6","1","2.6","12","0.2","0.044444444","0.083333333","1.333333333","1.2","0.333333333","0.3","0.111111111","0.1","0.177777778","0.16","25","38.46153846","90","","","2","2.222222222","3.333333333","3.703703704","5.333333333","5.925925926","","","8.666666667","9.62962963"
"","","GHP2014KMD-PT02","","","","","","","","","GHP2014KMD-PT02-00020","","","","","","10","4","4","4","4","2","2","1","","","2","5","6","4","5","6","1.2","0.1","1.2","1.3","2.5","6","0.3","0.05","0.216666667","1.5","0.6","1","0.4","0.325","0.13","0.3","0.12","66.66666667","52","40","","","4","10","4.333333333","10.83333333","4","10","","","8.333333333","20.83333333"
"","","GHP2014KMD-PT02","","","","","","","","","GHP2014KMD-PT02-00021","","","","","","10","0","","","","","","","","","","","","","8","","","","","","","","","","","","","","","","","","","","","","","","","","","","","","","","",""
"","","GHP2014KMD-PT02","","","","","","","","","GHP2014KMD-PT02-00022","","","","","","10","2","2","2","0","4","2","1","","","2","3","1","2","7","8","0","0.2","0.8","0.2","1","4","","0.05","0.05","2","0.4","0","0","0.1","0.02","0.4","0.08","0","20","20","","","0","0","0.666666667","3.333333333","2.666666667","13.33333333","","","3.333333333","16.66666667"
"","","GHP2014KMD-PT02","","","","","","","","","GHP2014KMD-PT02-00023","","","","","","10","9","9","9","7","16","3","1","","","2","4","6","5","6","7","1.5","0.6","1","2.1","3.1","23","0.214285714","0.0375","0.091304348","2.555555556","2.3","0.777777778","0.7","0.233333333","0.21","0.111111111","0.1","30.43478261","67.74193548","90","","","5","5.555555556","7","7.777777778","3.333333333","3.703703704","","","10.33333333","11.48148148"
"","","GHP2014KMD-PT02","","","","","","","","","GHP2014KMD-PT02-00024","","","","","","10","8","8","","0","9","","","","","","","","6","3","4","0","0.3","2.4","0.3","2.7","9","","0.033333333","0.033333333","1.125","0.9","0","0","0.0375","0.03","0.3","0.24","0","11.11111111","80","","","0","0","1","1.25","8","10","","","9","11.25"
"","","GHP2014KMD-PT02","","","","","","","","","GHP2014KMD-PT02-00025","","","","50.64","18.99","10","6","6","4","4","3","2","1","5","6","1","3","3","4","7","6","0.5","0.1","0.4","0.6","1","7","0.125","0.033333333","0.085714286","1.166666667","0.7","0.666666667","0.4","0.1","0.06","0.066666667","0.04","57.14285714","60","60","37.5","0.225","1.666666667","2.777777778","2","3.333333333","1.333333333","2.222222222","0.75","1.25","3.333333333","5.555555556"
"","","GHP2014KMD-PT02","","","","","","","","","GHP2014KMD-PT02-00026","","","","","","10","7","7","5","7","28","2","2","","","2","3","4","5","6","6","1.1","0.8","1.8","1.9","3.7","35","0.157142857","0.028571429","0.054285714","5","3.5","1","0.7","0.271428571","0.19","0.257142857","0.18","20","51.35135135","70","","","3.666666667","5.238095238","6.333333333","9.047619048","6","8.571428571","","","12.33333333","17.61904762"
"","","GHP2014KMD-PT02","","","","","","","","","GHP2014KMD-PT02-00027","","","","50","17.52","10","10","10","10","4","21","3","1","6","4","2","5","4","5","6","7","0.8","1.3","0.4","2.1","2.5","25","0.2","0.061904762","0.084","2.5","2.5","0.4","0.4","0.21","0.21","0.04","0.04","16","84","100","35.04","0.73584","2.666666667","2.666666667","7","7","1.333333333","1.333333333","2.4528","2.4528","8.333333333","8.333333333"
"","","GHP2014KMD-PT02","","","","","","","","","GHP2014KMD-PT02-00028","","","","50.31","19.5","10","7","7","4","4","6","1","2","3","9","2","5","5","8","5","4","1.1","0.2","1.8","1.3","3.1","10","0.275","0.033333333","0.13","1.428571429","1","0.571428571","0.4","0.185714286","0.13","0.257142857","0.18","40","41.93548387","70","38.75968992","0.503875969","3.666666667","5.238095238","4.333333333","6.19047619","6","8.571428571","1.679586563","2.399409376","10.33333333","14.76190476"
"","","GHP2014KMD-PT02","","","","","","","","","GHP2014KMD-PT02-00029","","","","","","10","8","8","8","3","11","3","1","","","2","5","4","2","6","8","2.5","0.5","0.8","3","3.8","14","0.833333333","0.045454545","0.214285714","1.75","1.4","0.375","0.3","0.375","0.3","0.1","0.08","21.42857143","78.94736842","80","","","8.333333333","10.41666667","10","12.5","2.666666667","3.333333333","","","12.66666667","15.83333333"
"","","GHP2014KMD-PT02","","","","","","","","","GHP2014KMD-PT02-00030","","","","","","10","5","5","2","0","3","3","1","","","2","3","3","6","5","5","0","0.4","0.8","0.4","1.2","3","","0.133333333","0.133333333","0.6","0.3","0","0","0.08","0.04","0.16","0.08","0","33.33333333","50","","","0","0","1.333333333","2.666666667","2.666666667","5.333333333","","","4","8"
"","","GHP2014KMD-PT02","","","","","","","","","GHP2014KMD-PT02-00031","","","","50.91","20.72","10","5","5","3","0","5","","","","","","","","6","4","5","0","0.2","1","0.2","1.2","5","","0.04","0.04","1","0.5","0","0","0.04","0.02","0.2","0.1","0","16.66666667","50","40.69927323","0.081398546","0","0","0.666666667","1.333333333","3.333333333","6.666666667","0.271328488","0.542656976","4","8"
"","","GHP2014KMD-PT02","","","","","","","","","GHP2014KMD-PT02-00032","","","","50.5","19.92","10","10","10","9","11","25","3","1","7","3","3","5","6","7","5","4","1.4","","2.2","","","36","0.127272727","","","3.6","3.6","1.1","1.1","","","0.22","0.22","30.55555556","","100","39.44554455","","4.666666667","4.666666667","","","7.333333333","7.333333333","","","",""
"","","GHP2014KMD-PT02","","","","","","","","","GHP2014KMD-PT02-00033","","","","","","10","0","","","","","","","","","","","","","9","","","","","","","","","","","","","","","","","","","","","","","","","","","","","","","","",""
"","","GHP2014KMD-PT02","","","","","","","","","GHP2014KMD-PT02-00034","","","","","","10","9","9","7","6","14","3","1","","","3","4","6","4","5","7","1.4","0.6","0.6","2","2.6","20","0.233333333","0.042857143","0.1","2.222222222","2","0.666666667","0.6","0.222222222","0.2","0.066666667","0.06","30","76.92307692","90","","","4.666666667","5.185185185","6.666666667","7.407407407","2","2.222222222","","","8.666666667","9.62962963"
"","","GHP2014KMD-PT02","","","","","","","","","GHP2014KMD-PT02-00035","","","","","","10","7","7","5","5","9","2","1","","","2","4","7","6","5","5","1.2","0.3","3","1.5","4.5","14","0.24","0.033333333","0.107142857","2","1.4","0.714285714","0.5","0.214285714","0.15","0.428571429","0.3","35.71428571","33.33333333","70","","","4","5.714285714","5","7.142857143","10","14.28571429","","","15","21.42857143"
"","","GHP2014KMD-PT02","","","","","","","","","GHP2014KMD-PT02-00036","","","","","","10","2","2","2","3","2","2","1","","","1","3","3","3","8","8","0.3","0.1","0.2","0.4","0.6","5","0.1","0.05","0.08","2.5","0.5","1.5","0.3","0.2","0.04","0.1","0.02","60","66.66666667","20","","","1","5","1.333333333","6.666666667","0.666666667","3.333333333","","","2","10"
"","","GHP2014KMD-PT02","","","","","","","","","GHP2014KMD-PT02-00037","","","","","","10","0","","","","","","","","","","","","","8","","","","","","","","","","","","","","","","","","","","","","","","","","","","","","","","",""
"","","GHP2014KMD-PT02","","","","","","","","","GHP2014KMD-PT02-00038","","","","","","10","2","2","2","2","0","2","1","","","1","5","6","1","7","9","0.6","0","2.2","0.6","2.8","2","0.3","","0.3","1","0.2","1","0.2","0.3","0.06","1.1","0.22","100","21.42857143","20","","","2","10","2","10","7.333333333","36.66666667","","","9.333333333","46.66666667"
"","","GHP2014KMD-PT02","","","","","","","","","GHP2014KMD-PT02-00039","","","","","","10","6","6","6","5","7","4","1","","","2","3","6","7","7","5","1.1","0.4","1","1.5","2.5","12","0.22","0.057142857","0.125","2","1.2","0.833333333","0.5","0.25","0.15","0.166666667","0.1","41.66666667","60","60","","","3.666666667","6.111111111","5","8.333333333","3.333333333","5.555555556","","","8.333333333","13.88888889"
"","","GHP2014KMD-PT02","","","","","","","","","GHP2014KMD-PT02-00040","","","","50.86","17.16","10","7","7","5","12","14","1","1","8","5","1","6","8","6","7","5","2.5","0.5","2.8","3","5.8","26","0.208333333","0.035714286","0.115384615","3.714285714","2.6","1.714285714","1.2","0.428571429","0.3","0.4","0.28","46.15384615","51.72413793","70","33.73967755","1.012190326","8.333333333","11.9047619","10","14.28571429","9.333333333","13.33333333","3.373967755","4.819953935","19.33333333","27.61904762"
"","","GHP2014KMD-PT02","","","","","","","","","GHP2014KMD-PT02-00041","","","","","","10","10","10","10","8","11","2","1","","","3","4","8","6","4","5","2.8","0.5","2.2","3.3","5.5","19","0.35","0.045454545","0.173684211","1.9","1.9","0.8","0.8","0.33","0.33","0.22","0.22","42.10526316","60","100","","","9.333333333","9.333333333","11","11","7.333333333","7.333333333","","","18.33333333","18.33333333"
"","","GHP2014KMD-PT02","","","","","","","","","GHP2014KMD-PT02-00042","","","","","","10","4","4","4","4","7","2","2","","","2","5","8","7","4","4","1.3","0.3","3.2","1.6","4.8","11","0.325","0.042857143","0.145454545","2.75","1.1","1","0.4","0.4","0.16","0.8","0.32","36.36363636","33.33333333","40","","","4.333333333","10.83333333","5.333333333","13.33333333","10.66666667","26.66666667","","","16","40"
"","","GHP2014KMD-PT02","","","","","","","","","GHP2014KMD-PT02-00043","","","","","","10","9","9","7","7","9","3","1","","","5","4","8","1","6","9","1.6","0.4","1.8","2","3.8","16","0.228571429","0.044444444","0.125","1.777777778","1.6","0.777777778","0.7","0.222222222","0.2","0.2","0.18","43.75","52.63157895","90","","","5.333333333","5.925925926","6.666666667","7.407407407","6","6.666666667","","","12.66666667","14.07407407"
"","","GHP2014KMD-PT02","","","","","","","","","GHP2014KMD-PT02-00044","","","","50.89","15.66","10","5","5","3","8","0","2","1","5","3","2","5","6","6","3","5","1.7","0","1.8","1.7","3.5","8","0.2125","","0.2125","1.6","0.8","1.6","0.8","0.34","0.17","0.36","0.18","100","48.57142857","50","30.77225388","0.523128316","5.666666667","11.33333333","5.666666667","11.33333333","6","12","1.743761053","3.487522107","11.66666667","23.33333333"
"","","GHP2014KMD-PT02","","","","","","","","","GHP2014KMD-PT02-00045","","","","50.72","14.96","10","8","8","6","13","8","2","1","3","2","4","4","7","7","3","5","3.9","0.4","1","4.3","5.3","21","0.3","0.05","0.204761905","2.625","2.1","1.625","1.3","0.5375","0.43","0.125","0.1","61.9047619","81.13207547","80","29.49526814","1.26829653","13","16.25","14.33333333","17.91666667","3.333333333","4.166666667","4.2276551","5.284568875","17.66666667","22.08333333"
"","","GHP2014KMD-PT02","","","","","","","","","GHP2014KMD-PT02-00046","","","","","","10","5","5","2","1","4","3","1","","","2","5","5","2","9","8","0.3","0.2","1.2","0.5","1.7","5","0.3","0.05","0.1","1","0.5","0.2","0.1","0.1","0.05","0.24","0.12","20","29.41176471","50","","","1","2","1.666666667","3.333333333","4","8","","","5.666666667","11.33333333"
"","","GHP2014KMD-PT02","","","","","","","","","GHP2014KMD-PT02-00047","","","","","","10","2","2","0","0","0","","","","","","","","3","9","8","0","0","0.8","0","0.8","0","","","","0","0","0","0","0","0","0.4","0.08","","0","20","","","0","0","0","0","2.666666667","13.33333333","","","2.666666667","13.33333333"
"","","GHP2014KMD-PT02","","","","","","","","","GHP2014KMD-PT02-00048","","","","","","10","10","10","8","5","15","2","1","","","4","4","5","4","4","6","1.1","1","0.4","2.1","2.5","20","0.22","0.066666667","0.105","2","2","0.5","0.5","0.21","0.21","0.04","0.04","25","84","100","","","3.666666667","3.666666667","7","7","1.333333333","1.333333333","","","8.333333333","8.333333333"
"","","GHP2014KMD-PT02","","","","","","","","","GHP2014KMD-PT02-00049","","","","","","10","8","8","5","4","5","2","1","","","2","4","4","5","4","6","0.7","0.2","0.8","0.9","1.7","9","0.175","0.04","0.1","1.125","0.9","0.5","0.4","0.1125","0.09","0.1","0.08","44.44444444","52.94117647","80","","","2.333333333","2.916666667","3","3.75","2.666666667","3.333333333","","","5.666666667","7.083333333"
"","","GHP2014KMD-PT02","","","","","","","","","GHP2014KMD-PT02-00050","","","","50.56","20.42","10","7","7","7","7","19","2","1","5","8","3","5","8","5","3","5","1.5","","1.6","","","26","0.214285714","","","3.714285714","2.6","1","0.7","","","0.228571429","0.16","26.92307692","","70","40.38765823","","5","7.142857143","","","5.333333333","7.619047619","","","",""
"","","GHP2014KMD-PT02","","","","","","","","","GHP2014KMD-PT02-00051","","","","","","10","1","1","1","1","0","1","1","","","2","4","3","6","6","5","0.2","0","1","0.2","1.2","1","0.2","","0.2","1","0.1","1","0.1","0.2","0.02","1","0.1","100","16.66666667","10","","","0.666666667","6.666666667","0.666666667","6.666666667","3.333333333","33.33333333","","","4","40"
"","","GHP2014KMD-PT02","","","","","","","","","GHP2014KMD-PT02-00052","","","","","","10","5","5","4","5","0","2","1","","","3","5","8","5","5","5","2.2","0","9","2.2","11.2","5","0.44","","0.44","1","0.5","1","0.5","0.44","0.22","1.8","0.9","100","19.64285714","50","","","7.333333333","14.66666667","7.333333333","14.66666667","30","60","","","37.33333333","74.66666667"
"","","GHP2014KMD-PT02","","","","","","","","","GHP2014KMD-PT02-00053","","","","","","10","8","8","8","8","7","3","1","","","3","3","3","8","3","3","3.9","0.7","4","4.6","8.6","15","0.4875","0.1","0.306666667","1.875","1.5","1","0.8","0.575","0.46","0.5","0.4","53.33333333","53.48837209","80","","","13","16.25","15.33333333","19.16666667","13.33333333","16.66666667","","","28.66666667","35.83333333"
"","","GHP2014KMD-PT02","","","","","","","","","GHP2014KMD-PT02-00054","","","","50.64","20","10","5","5","1","0","4","2","1","6","5","1","3","1","8","3","4","0","0.2","4","0.2","4.2","4","","0.05","0.05","0.8","0.4","0","0","0.04","0.02","0.8","0.4","0","4.761904762","50","39.49447077","0.078988942","0","0","0.666666667","1.333333333","13.33333333","26.66666667","0.263296472","0.526592944","14","28"
"","","GHP2014KMD-PT02","","","","","","","","","GHP2014KMD-PT02-00055","","","","","","10","3","3","0","0","0","","","","","","","","1","9","9","0","0","","0","","0","","","","0","0","0","0","0","0","","","","","30","","","0","0","0","0","","","","","",""
"","","GHP2014KMD-PT02","","","","","","","","","GHP2014KMD-PT02-00056","","","","50.97","19.53","10","9","9","6","7","12","3","1","5","5","2","4","3","7","3","5","1","0.6","2.6","1.6","4.2","19","0.142857143","0.05","0.084210526","2.111111111","1.9","0.777777778","0.7","0.177777778","0.16","0.288888889","0.26","36.84210526","38.0952381","90","38.31665686","0.61306651","3.333333333","3.703703704","5.333333333","5.925925926","8.666666667","9.62962963","2.043555032","2.270616703","14","15.55555556"
"","","GHP2014KMD-PT02","","","","","","","","","GHP2014KMD-PT02-00057","","","","50.82","17.31","10","9","9","8","11","10","2","2","4","6","3","5","8","6","6","4","2.5","0.4","1","2.9","3.9","21","0.227272727","0.04","0.138095238","2.333333333","2.1","1.222222222","1.1","0.322222222","0.29","0.111111111","0.1","52.38095238","74.35897436","90","34.06139315","0.987780401","8.333333333","9.259259259","9.666666667","10.74074074","3.333333333","3.703703704","3.292601338","3.658445931","13","14.44444444"
"","","GHP2014KMD-PT02","","","","","","","","","GHP2014KMD-PT02-00058","","","","","","10","3","3","2","2","4","2","1","","","2","5","8","5","7","6","1","0.4","0.8","1.4","2.2","6","0.5","0.1","0.233333333","2","0.6","0.666666667","0.2","0.466666667","0.14","0.266666667","0.08","33.33333333","63.63636364","30","","","3.333333333","11.11111111","4.666666667","15.55555556","2.666666667","8.888888889","","","7.333333333","24.44444444"
"","","GHP2014KMD-PT02","","","","","","","","","GHP2014KMD-PT02-00059","","","","","","10","10","10","8","10","7","1","1","","","2","5","7","8","4","4","2.7","0.3","5.6","3","8.6","17","0.27","0.042857143","0.176470588","1.7","1.7","1","1","0.3","0.3","0.56","0.56","58.82352941","34.88372093","100","","","9","9","10","10","18.66666667","18.66666667","","","28.66666667","28.66666667"
"","","GHP2014KMD-PT02","","","","","","","","","GHP2014KMD-PT02-00060","","","","","","10","8","8","6","7","9","2","1","","","4","4","6","8","3","4","2.1","1.2","4.6","3.3","7.9","16","0.3","0.133333333","0.20625","2","1.6","0.875","0.7","0.4125","0.33","0.575","0.46","43.75","41.7721519","80","","","7","8.75","11","13.75","15.33333333","19.16666667","","","26.33333333","32.91666667"
"","","GHP2014KMD-PT02","","","","","","","","","GHP2014KMD-PT02-00061","","","","50.41","15.08","10","10","10","10","11","47","2","1","8","5","2","6","7","8","3","4","3.1","3.1","1.6","6.2","7.8","58","0.281818182","0.065957447","0.106896552","5.8","5.8","1.1","1.1","0.62","0.62","0.16","0.16","18.96551724","79.48717949","100","29.91469946","1.854711367","10.33333333","10.33333333","20.66666667","20.66666667","5.333333333","5.333333333","6.182371223","6.182371223","26","26"
"","","GHP2014KMD-PT02","","","","","","","","","GHP2014KMD-PT02-00062","","","","","","10","0","","","","","","","","","","","","","9","","","","","","","","","","","","","","","","","","","","","","","","","","","","","","","","",""
"","","GHP2014KMD-PT02","","","","","","","","","GHP2014KMD-PT02-00063","","","","","","10","5","5","1","0","4","3","1","","","1","4","1","4","6","7","0","0.2","0.2","0.2","0.4","4","","0.05","0.05","0.8","0.4","0","0","0.04","0.02","0.04","0.02","0","50","50","","","0","0","0.666666667","1.333333333","0.666666667","1.333333333","","","1.333333333","2.666666667"
"","","GHP2014KMD-PT02","","","","","","","","","GHP2014KMD-PT02-00064","","","","","","10","9","9","2","0","6","2","1","","","1","3","3","4","7","7","0","0.4","0.8","0.4","1.2","6","","0.066666667","0.066666667","0.666666667","0.6","0","0","0.044444444","0.04","0.088888889","0.08","0","33.33333333","90","","","0","0","1.333333333","1.481481481","2.666666667","2.962962963","","","4","4.444444444"
"","","GHP2014KMD-PT02","","","","","","","","","GHP2014KMD-PT02-00065","","","","","","10","9","9","9","12","8","2","2","","","3","4","8","5","4","5","3.7","0.5","9","4.2","13.2","20","0.308333333","0.0625","0.21","2.222222222","2","1.333333333","1.2","0.466666667","0.42","1","0.9","60","31.81818182","90","","","12.33333333","13.7037037","14","15.55555556","30","33.33333333","","","44","48.88888889"
"","","GHP2014KMD-PT02","","","","","","","","","GHP2014KMD-PT02-00066","","","","","","10","7","7","6","6","5","3","2","","","2","6","7","3","5","8","1.7","0.5","8","2.2","10.2","11","0.283333333","0.1","0.2","1.571428571","1.1","0.857142857","0.6","0.314285714","0.22","1.142857143","0.8","54.54545455","21.56862745","70","","","5.666666667","8.095238095","7.333333333","10.47619048","26.66666667","38.0952381","","","34","48.57142857"
"","","GHP2014KMD-PT02","","","","","","","","","GHP2014KMD-PT02-00067","","","","50.43","19.08","10","10","10","10","7","5","2","1","5","3","2","5","6","7","3","4","1.6","0.6","8","2.2","10.2","12","0.228571429","0.12","0.183333333","1.2","1.2","0.7","0.7","0.22","0.22","0.8","0.8","58.33333333","21.56862745","100","37.83462225","0.832361689","5.333333333","5.333333333","7.333333333","7.333333333","26.66666667","26.66666667","2.774538965","2.774538965","34","34"
"","","GHP2014KMD-PT02","","","","","","","","","GHP2014KMD-PT02-00068","","","","","","10","0","","","","","","","","","","","","","7","","","","","","","","","","","","","","","","","","","","","","","","","","","","","","","","",""
"","","GHP2014KMD-PT02","","","","","","","","","GHP2014KMD-PT02-00069","","","","50.8","21.17","10","10","10","10","12","40","1","1","6","3","2","4","5","5","4","6","2.6","2.5","5.2","5.1","10.3","52","0.216666667","0.0625","0.098076923","5.2","5.2","1.2","1.2","0.51","0.51","0.52","0.52","23.07692308","49.51456311","100","41.67322835","2.125334646","8.666666667","8.666666667","17","17","17.33333333","17.33333333","7.084448819","7.084448819","34.33333333","34.33333333"
"","","GHP2014KMD-PT02","","","","","","","","","GHP2014KMD-PT02-00070","","","","50.46","19.71","10","9","9","9","10","12","2","1","4","5","2","5","6","7","4","4","2.7","1.1","2","3.8","5.8","22","0.27","0.091666667","0.172727273","2.444444444","2.2","1.111111111","1","0.422222222","0.38","0.222222222","0.2","45.45454545","65.51724138","90","39.06064209","1.4843044","9","10","12.66666667","14.07407407","6.666666667","7.407407407","4.947681332","5.497423702","19.33333333","21.48148148"
"","","GHP2014KMD-PT02","","","","","","","","","GHP2014KMD-PT02-00071","","","","","","10","10","10","0","0","0","","","","","","","","9","3","3","0","0","24.2","0","24.2","0","","","","0","0","0","0","0","0","2.42","2.42","","0","100","","","0","0","0","0","80.66666667","80.66666667","","","80.66666667","80.66666667"
"","","GHP2014KMD-PT02","","","","","","","","","GHP2014KMD-PT02-00072","","","","","","10","6","6","3","0","9","2","1","","","2","3","4","1","6","9","0","0.9","1.2","0.9","2.1","9","","0.1","0.1","1.5","0.9","0","0","0.15","0.09","0.2","0.12","0","42.85714286","60","","","0","0","3","5","4","6.666666667","","","7","11.66666667"
"","","GHP2014KMD-PT02","","","","","","","","","GHP2014KMD-PT02-00073","","","","","","10","10","10","9","6","12","3","1","","","2","5","6","9","3","3","1.7","0.7","13.2","2.4","15.6","18","0.283333333","0.058333333","0.133333333","1.8","1.8","0.6","0.6","0.24","0.24","1.32","1.32","33.33333333","15.38461538","100","","","5.666666667","5.666666667","8","8","44","44","","","52","52"
"","","GHP2014KMD-PT02","","","","","","","","","GHP2014KMD-PT02-00074","","","","","","10","0","","","","","","","","","","","","2","6","8","","","","","","","","","","","","","","","","","","","","","","","","","","","","","","","",""
"","","GHP2014KMD-PT02","","","","","","","","","GHP2014KMD-PT02-00075","","","","","","10","4","4","4","4","3","3","1","","","1","4","5","4","6","6","0.7","0.1","0.4","0.8","1.2","7","0.175","0.033333333","0.114285714","1.75","0.7","1","0.4","0.2","0.08","0.1","0.04","57.14285714","66.66666667","40","","","2.333333333","5.833333333","2.666666667","6.666666667","1.333333333","3.333333333","","","4","10"
"","","GHP2014KMD-PT02","","","","","","","","","GHP2014KMD-PT02-00076","","","","","","10","4","4","4","2","4","2","1","","","2","4","3","5","6","7","0.4","0.2","0.8","0.6","1.4","6","0.2","0.05","0.1","1.5","0.6","0.5","0.2","0.15","0.06","0.2","0.08","33.33333333","42.85714286","40","","","1.333333333","3.333333333","2","5","2.666666667","6.666666667","","","4.666666667","11.66666667"
"","","GHP2014KMD-PT02","","","","","","","","","GHP2014KMD-PT02-00077","","","","50.51","22.65","10","10","10","8","8","13","3","1","5","8","2","4","7","8","3","3","1.8","1.6","9.6","3.4","13","21","0.225","0.123076923","0.161904762","2.1","2.1","0.8","0.8","0.34","0.34","0.96","0.96","38.0952381","26.15384615","100","44.84260542","1.524648584","6","6","11.33333333","11.33333333","32","32","5.082161948","5.082161948","43.33333333","43.33333333"
"","","GHP2014KMD-PT02","","","","","","","","","GHP2014KMD-PT02-00078","","","","50.23","11.52","10","10","10","8","9","28","2","1","8","6","5","4","7","5","4","4","2.5","2.7","1.2","5.2","6.4","37","0.277777778","0.096428571","0.140540541","3.7","3.7","0.9","0.9","0.52","0.52","0.12","0.12","24.32432432","81.25","100","22.93450129","1.192594067","8.333333333","8.333333333","17.33333333","17.33333333","4","4","3.975313558","3.975313558","21.33333333","21.33333333"
"","","GHP2014KMD-PT02","","","","","","","","","GHP2014KMD-PT02-00079","","","","50.37","19.76","10","10","10","10","17","17","1","1","8","3","1","5","8","8","3","3","4.1","0.8","10.4","4.9","15.3","34","0.241176471","0.047058824","0.144117647","3.4","3.4","1.7","1.7","0.49","0.49","1.04","1.04","50","32.02614379","100","39.22970022","1.922255311","13.66666667","13.66666667","16.33333333","16.33333333","34.66666667","34.66666667","6.407517702","6.407517702","51","51"
"","","GHP2014KMD-PT02","","","","","","","","","GHP2014KMD-PT02-00080","","","","50.62","17.76","10","10","10","8","13","6","3","1","6","8","2","5","8","6","2","5","5.7","0.4","4.8","6.1","10.9","19","0.438461538","0.066666667","0.321052632","1.9","1.9","1.3","1.3","0.61","0.61","0.48","0.48","68.42105263","55.96330275","100","35.08494666","2.140181746","19","19","20.33333333","20.33333333","16","16","7.133939154","7.133939154","36.33333333","36.33333333"
"","","GHP2014KMD-PT02","","","","","","","","","GHP2014KMD-PT02-00081","","","","","","10","6","6","5","4","12","4","1","","","2","3","7","2","6","8","1.1","0.5","1","1.6","2.6","16","0.275","0.041666667","0.1","2.666666667","1.6","0.666666667","0.4","0.266666667","0.16","0.166666667","0.1","25","61.53846154","60","","","3.666666667","6.111111111","5.333333333","8.888888889","3.333333333","5.555555556","","","8.666666667","14.44444444"
"","","GHP2014KMD-PT02","","","","","","","","","GHP2014KMD-PT02-00082","","","","","","10","10","10","9","7","11","2","1","","","2","4","3","4","5","7","0.9","0.3","3.2","1.2","4.4","18","0.128571429","0.027272727","0.066666667","1.8","1.8","0.7","0.7","0.12","0.12","0.32","0.32","38.88888889","27.27272727","100","","","3","3","4","4","10.66666667","10.66666667","","","14.66666667","14.66666667"
"","","GHP2014KMD-PT02","","","","","","","","","GHP2014KMD-PT02-00083","","","","","","10","5","5","5","2","5","3","1","","","2","3","5","4","5","7","0.7","0.2","0.6","0.9","1.5","7","0.35","0.04","0.128571429","1.4","0.7","0.4","0.2","0.18","0.09","0.12","0.06","28.57142857","60","50","","","2.333333333","4.666666667","3","6","2","4","","","5","10"
"","","GHP2014KMD-PT02","","","","","","","","","GHP2014KMD-PT02-00084","","","","","","10","10","10","10","24","17","3","2","","","1","6","8","7","3","5","5.5","0.8","4.4","6.3","10.7","41","0.229166667","0.047058824","0.153658537","4.1","4.1","2.4","2.4","0.63","0.63","0.44","0.44","58.53658537","58.87850467","100","","","18.33333333","18.33333333","21","21","14.66666667","14.66666667","","","35.66666667","35.66666667"
"","","GHP2014KMD-PT02","","","","","","","","","GHP2014KMD-PT02-00085","","","","50.39","14.54","10","5","5","5","3","4","2","1","4","2","1","3","5","5","4","7","0.6","0.2","0.8","0.8","1.6","7","0.2","0.05","0.114285714","1.4","0.7","0.6","0.3","0.16","0.08","0.16","0.08","42.85714286","50","50","28.85493153","0.230839452","2","4","2.666666667","5.333333333","2.666666667","5.333333333","0.769464841","1.538929682","5.333333333","10.66666667"
"","","GHP2014KMD-PT02","","","","","","","","","GHP2014KMD-PT02-00086","","","","","","10","3","3","1","3","4","2","1","","","2","6","6","4","5","7","0.9","0.1","1.6","1","2.6","7","0.3","0.025","0.142857143","2.333333333","0.7","1","0.3","0.333333333","0.1","0.533333333","0.16","42.85714286","38.46153846","30","","","3","10","3.333333333","11.11111111","5.333333333","17.77777778","","","8.666666667","28.88888889"
"","","GHP2014KMD-PT02","","","","","","","","","GHP2014KMD-PT02-00087","","","","","","10","10","10","0","0","0","","","","","","","","8","3","3","0","0","18.2","0","18.2","0","","","","0","0","0","0","0","0","1.82","1.82","","0","100","","","0","0","0","0","60.66666667","60.66666667","","","60.66666667","60.66666667"
"","","GHP2014KMD-PT02","","","","","","","","","GHP2014KMD-PT02-00088","","","","","","10","8","8","6","1","10","2","1","","","1","5","5","4","6","7","0.4","0.6","1.6","1","2.6","11","0.4","0.06","0.090909091","1.375","1.1","0.125","0.1","0.125","0.1","0.2","0.16","9.090909091","38.46153846","80","","","1.333333333","1.666666667","3.333333333","4.166666667","5.333333333","6.666666667","","","8.666666667","10.83333333"
"","","GHP2014KMD-PT02","","","","","","","","","GHP2014KMD-PT02-00089","","","","","","10","7","7","4","7","4","2","1","","","2","4","9","5","4","6","4.5","0.2","2.4","4.7","7.1","11","0.642857143","0.05","0.427272727","1.571428571","1.1","1","0.7","0.671428571","0.47","0.342857143","0.24","63.63636364","66.1971831","70","","","15","21.42857143","15.66666667","22.38095238","8","11.42857143","","","23.66666667","33.80952381"
"","","GHP2014KMD-PT02","","","","","","","","","GHP2014KMD-PT02-00090","","","","","","10","1","1","0","0","0","","","","","","","","","8","","0","0","0.8","0","0.8","0","","","","0","0","0","0","0","0","0.8","0.08","","0","10","","","0","0","0","0","2.666666667","26.66666667","","","2.666666667","26.66666667"
"","","GHP2014KMD-PT02","","","","","","","","","GHP2014KMD-PT02-00091","","","","50.34","20.96","10","8","8","2","1","5","2","1","1","8","1","5","5","9","3","3","0.4","0.2","9.2","0.6","9.8","6","0.4","0.04","0.1","0.75","0.6","0.125","0.1","0.075","0.06","1.15","0.92","16.66666667","6.12244898","80","41.63686929","0.249821216","1.333333333","1.666666667","2","2.5","30.66666667","38.33333333","0.832737386","1.040921732","32.66666667","40.83333333"
"","","GHP2014KMD-PT02","","","","","","","","","GHP2014KMD-PT02-00092","","","","","","10","6","6","1","0","3","2","1","","","1","4","3","4","5","5","0","0.3","1.4","0.3","1.7","3","","0.1","0.1","0.5","0.3","0","0","0.05","0.03","0.233333333","0.14","0","17.64705882","60","","","0","0","1","1.666666667","4.666666667","7.777777778","","","5.666666667","9.444444444"
"","","GHP2014KMD-PT02","","","","","","","","","GHP2014KMD-PT02-00093","","","","","","10","0","","","","","","","","","","","","","7","","","","","","","","","","","","","","","","","","","","","","","","","","","","","","","","",""
"","","GHP2014KMD-PT02","","","","","","","","","GHP2014KMD-PT02-00094","","","","","","10","7","7","6","3","13","2","1","","","1","4","6","7","3","4","0.9","0.6","4.6","1.5","6.1","16","0.3","0.046153846","0.09375","2.285714286","1.6","0.428571429","0.3","0.214285714","0.15","0.657142857","0.46","18.75","24.59016393","70","","","3","4.285714286","5","7.142857143","15.33333333","21.9047619","","","20.33333333","29.04761905"
"","","GHP2014KMD-PT02","","","","","","","","","GHP2014KMD-PT02-00095","","","","50.05","14.42","10","9","9","9","10","18","3","1","7","4","3","4","3","4","5","7","1.4","0.6","1.2","2","3.2","28","0.14","0.033333333","0.071428571","3.111111111","2.8","1.111111111","1","0.222222222","0.2","0.133333333","0.12","35.71428571","62.5","90","28.81118881","0.576223776","4.666666667","5.185185185","6.666666667","7.407407407","4","4.444444444","1.920745921","2.134162134","10.66666667","11.85185185"
"","","GHP2014KMD-PT02","","","","","","","","","GHP2014KMD-PT02-00096","","","","","","10","8","8","7","6","6","2","1","","","3","4","6","7","4","5","1.3","0.6","0.6","1.9","2.5","12","0.216666667","0.1","0.158333333","1.5","1.2","0.75","0.6","0.2375","0.19","0.075","0.06","50","76","80","","","4.333333333","5.416666667","6.333333333","7.916666667","2","2.5","","","8.333333333","10.41666667"
"","","GHP2014KMD-PT02","","","","","","","","","GHP2014KMD-PT02-00097","","","","","","10","10","10","4","0","6","2","1","","","2","2","3","7","4","4","0","0.7","6.8","0.7","7.5","6","","0.116666667","0.116666667","0.6","0.6","0","0","0.07","0.07","0.68","0.68","0","9.333333333","100","","","0","0","2.333333333","2.333333333","22.66666667","22.66666667","","","25","25"
"","","GHP2014KMD-PT02","","","","","","","","","GHP2014KMD-PT02-00098","","","","","","10","9","9","9","17","3","2","1","","","2","6","8","6","4","4","8.1","0.2","2.4","8.3","10.7","20","0.476470588","0.066666667","0.415","2.222222222","2","1.888888889","1.7","0.922222222","0.83","0.266666667","0.24","85","77.57009346","90","","","27","30","27.66666667","30.74074074","8","8.888888889","","","35.66666667","39.62962963"
"","","GHP2014KMD-PT02","","","","","","","","","GHP2014KMD-PT02-00099","","","","50.7","17.09","10","10","10","10","8","16","2","1","6","8","2","4","8","5","3","5","7.9","0.7","5.8","8.6","14.4","24","0.9875","0.04375","0.358333333","2.4","2.4","0.8","0.8","0.86","0.86","0.58","0.58","33.33333333","59.72222222","100","33.70808679","2.898895464","26.33333333","26.33333333","28.66666667","28.66666667","19.33333333","19.33333333","9.662984878","9.662984878","48","48"
"","","GHP2014KMD-PT02","","","","","","","","","GHP2014KMD-PT02-00100","","","","50.07","16.3","10","7","7","4","11","0","1","1","3","2","2","3","7","2","5","8","3.2","0","2.4","3.2","5.6","11","0.290909091","","0.290909091","1.571428571","1.1","1.571428571","1.1","0.457142857","0.32","0.342857143","0.24","100","57.14285714","70","32.55442381","1.041741562","10.66666667","15.23809524","10.66666667","15.23809524","8","11.42857143","3.472471873","4.960674104","18.66666667","26.66666667"
"","","GHP2014KMD-PT02","","","","","","","","","GHP2014KMD-PT02-00101","","","","50.91","20.86","10","7","7","6","9","6","2","1","4","3","2","4","7","7","4","4","2.8","0.5","5.2","3.3","8.5","15","0.311111111","0.083333333","0.22","2.142857143","1.5","1.285714286","0.9","0.471428571","0.33","0.742857143","0.52","60","38.82352941","70","40.97426832","1.352150854","9.333333333","13.33333333","11","15.71428571","17.33333333","24.76190476","4.507169515","6.438813593","28.33333333","40.47619048"
"","","GHP2014KMD-PT02","","","","","","","","","GHP2014KMD-PT02-00102","","","","50.4","12.82","10","9","9","9","11","16","3","2","5","8","4","5","7","5","6","7","2.6","0.9","0.2","3.5","3.7","27","0.236363636","0.05625","0.12962963","3","2.7","1.222222222","1.1","0.388888889","0.35","0.022222222","0.02","40.74074074","94.59459459","90","25.43650794","0.890277778","8.666666667","9.62962963","11.66666667","12.96296296","0.666666667","0.740740741","2.967592593","3.297325103","12.33333333","13.7037037"
"","","GHP2014KMD-PT02","","","","","","","","","GHP2014KMD-PT02-00103","","","","","","10","4","4","0","0","0","","","","","","","","6","3","4","0","0","1","0","1","0","","","","0","0","0","0","0","0","0.25","0.1","","0","40","","","0","0","0","0","3.333333333","8.333333333","","","3.333333333","8.333333333"
"","","GHP2014KMD-PT02","","","","","","","","","GHP2014KMD-PT02-00104","","","","","","10","7","7","3","0","3","2","1","","","1","3","3","5","9","7","0","0.4","0.8","0.4","1.2","3","","0.133333333","0.133333333","0.428571429","0.3","0","0","0.057142857","0.04","0.114285714","0.08","0","33.33333333","70","","","0","0","1.333333333","1.904761905","2.666666667","3.80952381","","","4","5.714285714"
"","","GHP2014KMD-PT02","","","","","","","","","GHP2014KMD-PT02-00105","","","","","","10","7","7","2","0","3","4","1","","","1","3","1","6","1","5","0","0.9","2","0.9","2.9","3","","0.3","0.3","0.428571429","0.3","0","0","0.128571429","0.09","0.285714286","0.2","0","31.03448276","70","","","0","0","3","4.285714286","6.666666667","9.523809524","","","9.666666667","13.80952381"
"","","GHP2014KMD-PT02","","","","","","","","","GHP2014KMD-PT02-00106","","","","","","10","2","2","1","0","2","2","1","","","1","2","2","2","4","8","0","0.1","0.2","0.1","0.3","2","","0.05","0.05","1","0.2","0","0","0.05","0.01","0.1","0.02","0","33.33333333","20","","","0","0","0.333333333","1.666666667","0.666666667","3.333333333","","","1","5"
"","","GHP2014KMD-PT02","","","","","","","","","GHP2014KMD-PT02-00107","","","","","","10","0","","","","","","","","","","","","","8","","","","","","","","","","","","","","","","","","","","","","","","","","","","","","","","",""
"","","GHP2014KMD-PT02","","","","","","","","","GHP2014KMD-PT02-00108","","","","","","10","10","10","0","0","0","","","","","","","","6","1","5","0","0","7","0","7","0","","","","0","0","0","0","0","0","0.7","0.7","","0","100","","","0","0","0","0","23.33333333","23.33333333","","","23.33333333","23.33333333"
"","","GHP2014KMD-PT02","","","","","","","","","GHP2014KMD-PT02-00109","","","","50.21","19.31","10","9","9","5","8","6","3","2","6","8","2","5","4","6","1","5","1.5","0.2","8","1.7","9.7","14","0.1875","0.033333333","0.121428571","1.555555556","1.4","0.888888889","0.8","0.188888889","0.17","0.888888889","0.8","57.14285714","17.5257732","90","38.45847441","0.653794065","5","5.555555556","5.666666667","6.296296296","26.66666667","29.62962963","2.17931355","2.4214595","32.33333333","35.92592593"
"","","GHP2014KMD-PT02","","","","","","","","","GHP2014KMD-PT02-00110","","","","","","10","7","7","7","12","6","2","1","","","2","4","8","6","4","5","4.6","0.4","3.8","5","8.8","18","0.383333333","0.066666667","0.277777778","2.571428571","1.8","1.714285714","1.2","0.714285714","0.5","0.542857143","0.38","66.66666667","56.81818182","70","","","15.33333333","21.9047619","16.66666667","23.80952381","12.66666667","18.0952381","","","29.33333333","41.9047619"
"","","GHP2014KMD-PT02","","","","","","","","","GHP2014KMD-PT02-00111","","","","50.96","19.08","10","10","10","10","14","20","2","1","6","5","1","4","5","6","4","4","2.4","1.4","4.4","3.8","8.2","34","0.171428571","0.07","0.111764706","3.4","3.4","1.4","1.4","0.38","0.38","0.44","0.44","41.17647059","46.34146341","100","37.4411303","1.422762951","8","8","12.66666667","12.66666667","14.66666667","14.66666667","4.742543171","4.742543171","27.33333333","27.33333333"
"","","GHP2014KMD-PT02","","","","","","","","","GHP2014KMD-PT02-00112","","","","","","10","8","8","8","13","10","2","1","","","2","5","7","7","5","3","3.7","0.9","10.2","4.6","14.8","23","0.284615385","0.09","0.2","2.875","2.3","1.625","1.3","0.575","0.46","1.275","1.02","56.52173913","31.08108108","80","","","12.33333333","15.41666667","15.33333333","19.16666667","34","42.5","","","49.33333333","61.66666667"
"","","GHP2014KMD-PT02","","","","","","","","","GHP2014KMD-PT02-00113","","","","","","10","5","5","5","3","8","2","1","","","2","3","2","1","5","9","0.4","0.4","1.8","0.8","2.6","11","0.133333333","0.05","0.072727273","2.2","1.1","0.6","0.3","0.16","0.08","0.36","0.18","27.27272727","30.76923077","50","","","1.333333333","2.666666667","2.666666667","5.333333333","6","12","","","8.666666667","17.33333333"
"","","GHP2014KMD-PT02","","","","","","","","","GHP2014KMD-PT02-00114","","","","","","10","9","9","3","4","2","3","1","","","1","5","6","6","1","4","1.2","0.2","6.8","1.4","8.2","6","0.3","0.1","0.233333333","0.666666667","0.6","0.444444444","0.4","0.155555556","0.14","0.755555556","0.68","66.66666667","17.07317073","90","","","4","4.444444444","4.666666667","5.185185185","22.66666667","25.18518519","","","27.33333333","30.37037037"
"","","GHP2014KMD-PT02","","","","","","","","","GHP2014KMD-PT02-00115","","","","","","10","7","7","3","2","3","2","1","","","1","3","3","4","4","7","0.4","0.2","3.6","0.6","4.2","5","0.2","0.066666667","0.12","0.714285714","0.5","0.285714286","0.2","0.085714286","0.06","0.514285714","0.36","40","14.28571429","70","","","1.333333333","1.904761905","2","2.857142857","12","17.14285714","","","14","20"
"","","GHP2014KMD-PT02","","","","","","","","","GHP2014KMD-PT02-00116","","","","","","10","0","","","","","","","","","","","","","9","","","","","","","","","","","","","","","","","","","","","","","","","","","","","","","","",""
"","","GHP2014KMD-PT02","","","","","","","","","GHP2014KMD-PT02-00117","","","","","","10","10","10","5","1","6","3","1","","","2","4","3","4","5","6","0.2","0.4","2","0.6","2.6","7","0.2","0.066666667","0.085714286","0.7","0.7","0.1","0.1","0.06","0.06","0.2","0.2","14.28571429","23.07692308","100","","","0.666666667","0.666666667","2","2","6.666666667","6.666666667","","","8.666666667","8.666666667"
"","","GHP2014KMD-PT02","","","","","","","","","GHP2014KMD-PT02-00118","","","","","","10","8","8","5","0","10","2","1","","","2","3","2","3","4","6","0","0.6","1","0.6","1.6","10","","0.06","0.06","1.25","1","0","0","0.075","0.06","0.125","0.1","0","37.5","80","","","0","0","2","2.5","3.333333333","4.166666667","","","5.333333333","6.666666667"
"","","GHP2014KMD-PT02","","","","","","","","","GHP2014KMD-PT02-00119","","","","","","10","10","10","8","7","8","2","1","","","3","6","6","6","3","5","1.9","0.6","9","2.5","11.5","15","0.271428571","0.075","0.166666667","1.5","1.5","0.7","0.7","0.25","0.25","0.9","0.9","46.66666667","21.73913043","100","","","6.333333333","6.333333333","8.333333333","8.333333333","30","30","","","38.33333333","38.33333333"
"","","GHP2014KMD-PT02","","","","","","","","","GHP2014KMD-PT02-00120","","","","","","10","10","10","7","3","6","3","1","","","2","4","5","7","3","4","0.7","0.5","9.2","1.2","10.4","9","0.233333333","0.083333333","0.133333333","0.9","0.9","0.3","0.3","0.12","0.12","0.92","0.92","33.33333333","11.53846154","100","","","2.333333333","2.333333333","4","4","30.66666667","30.66666667","","","34.66666667","34.66666667"
"","","GHP2014KMD-PT02","","","","","","","","","GHP2014KMD-PT02-00121","","","","","","10","5","5","","0","2","2","","","","","","","2","7","8","0","0.1","2.2","0.1","2.3","2","","0.05","0.05","0.4","0.2","0","0","0.02","0.01","0.44","0.22","0","4.347826087","50","","","0","0","0.333333333","0.666666667","7.333333333","14.66666667","","","7.666666667","15.33333333"
"","","GHP2014KMD-PT02","","","","","","","","","GHP2014KMD-PT02-00122","","","","","","10","8","8","2","0","5","3","1","","","1","3","3","2","7","8","0","0.3","1.4","0.3","1.7","5","","0.06","0.06","0.625","0.5","0","0","0.0375","0.03","0.175","0.14","0","17.64705882","80","","","0","0","1","1.25","4.666666667","5.833333333","","","5.666666667","7.083333333"
"","","GHP2014KMD-PT02","","","","","","","","","GHP2014KMD-PT02-00123","","","","","","10","4","4","","0","5","","","","","","","","4","4","5","0","0.3","2.8","0.3","3.1","5","","0.06","0.06","1.25","0.5","0","0","0.075","0.03","0.7","0.28","0","9.677419355","40","","","0","0","1","2.5","9.333333333","23.33333333","","","10.33333333","25.83333333"
"","","GHP2014KMD-PT02","","","","","","","","","GHP2014KMD-PT02-00124","","","","","","10","0","","","","","","","","","","","","","9","","","","","","","","","","","","","","","","","","","","","","","","","","","","","","","","",""
"","","GHP2014KMD-PT02","","","","","","","","","GHP2014KMD-PT02-00125","","","","","","10","5","5","2","0","3","3","1","","","1","3","4","4","3","7","0","0.2","1.8","0.2","2","3","","0.066666667","0.066666667","0.6","0.3","0","0","0.04","0.02","0.36","0.18","0","10","50","","","0","0","0.666666667","1.333333333","6","12","","","6.666666667","13.33333333"
"","","GHP2014KMD-PT02","","","","","","","","","GHP2014KMD-PT02-00126","","","","50.6","17.66","10","9","9","8","6","7","2","1","8","5","2","3","6","3","1","7","1.6","0.6","1.2","2.2","3.4","13","0.266666667","0.085714286","0.169230769","1.444444444","1.3","0.666666667","0.6","0.244444444","0.22","0.133333333","0.12","46.15384615","64.70588235","90","34.90118577","0.767826087","5.333333333","5.925925926","7.333333333","8.148148148","4","4.444444444","2.55942029","2.843800322","11.33333333","12.59259259"
"","","GHP2014KMD-PT02","","","","","","","","","GHP2014KMD-PT02-00127","","","","","","10","0","","","","","","","","","","","","","","","","","","","","","","","","","","","","","","","","","","","","","","","","","","","","","",""
"","","GHP2014KMD-PT02","","","","","","","","","GHP2014KMD-PT02-00128","","","","","","10","0","","","","","","","","","","","","","","","","","","","","","","","","","","","","","","","","","","","","","","","","","","","","","",""
"","","GHP2014KMD-PT02","","","","","","","","","GHP2014KMD-PT02-00129","","","","","","10","0","","","","","","","","","","","","","","","","","","","","","","","","","","","","","","","","","","","","","","","","","","","","","",""
"","","GHP2014KMD-PT02","","","","","","","","","GHP2014KMD-PT02-00130","","","","","","10","0","","","","","","","","","","","","","","","","","","","","","","","","","","","","","","","","","","","","","","","","","","","","","",""
"","","GHP2014KMD-PT02","","","","","","","","","GHP2014KMD-PT02-00131","","","","","","10","0","","","","","","","","","","","","","","","","","","","","","","","","","","","","","","","","","","","","","","","","","","","","","",""
"","","GHP2014KMD-PT02","","","","","","","","","GHP2014KMD-PT02-00132","","","","50.2","19.13","10","10","10","7","9","4","2","1","1","8","1","5","6","8","3","4","1.7","0.4","6","2.1","8.1","13","0.188888889","0.1","0.161538462","1.3","1.3","0.9","0.9","0.21","0.21","0.6","0.6","69.23076923","25.92592593","100","38.10756972","0.800258964","5.666666667","5.666666667","7","7","20","20","2.66752988","2.66752988","27","27"
"","","GHP2014KMD-PT02","","","","","","","","","GHP2014KMD-PT02-00133","","","","","","10","9","9","6","8","4","2","1","","","1","3","6","7","3","5","1.6","0.4","4.8","2","6.8","12","0.2","0.1","0.166666667","1.333333333","1.2","0.888888889","0.8","0.222222222","0.2","0.533333333","0.48","66.66666667","29.41176471","90","","","5.333333333","5.925925926","6.666666667","7.407407407","16","17.77777778","","","22.66666667","25.18518519"
"","","GHP2014KMD-PT02","","","","","","","","","GHP2014KMD-PT02-00134","","","","","","10","9","9","9","12","12","2","1","","","2","4","7","9","3","4","1.4","1.2","7.8","2.6","10.4","24","0.116666667","0.1","0.108333333","2.666666667","2.4","1.333333333","1.2","0.288888889","0.26","0.866666667","0.78","50","25","90","","","4.666666667","5.185185185","8.666666667","9.62962963","26","28.88888889","","","34.66666667","38.51851852"
"","","GHP2014KMD-PT02","","","","","","","","","GHP2014KMD-PT02-00135","","","","","","10","0","","","","","","","","","","","","","","","","","","","","","","","","","","","","","","","","","","","","","","","","","","","","","",""
"","","GHP2014KMD-PT02","","","","","","","","","GHP2014KMD-PT02-00136","","","","","","10","0","","","","","","","","","","","","","","","","","","","","","","","","","","","","","","","","","","","","","","","","","","","","","",""
"","","GHP2014KMD-PT02","","","","","","","","","GHP2014KMD-PT02-00137","","","","","","10","10","10","10","5","20","2","1","","","1","3","4","8","1","3","0.5","0.9","11.2","1.4","12.6","25","0.1","0.045","0.056","2.5","2.5","0.5","0.5","0.14","0.14","1.12","1.12","20","11.11111111","100","","","1.666666667","1.666666667","4.666666667","4.666666667","37.33333333","37.33333333","","","42","42"
"","","GHP2014KMD-PT02","","","","","","","","","GHP2014KMD-PT02-00138","","","","50.19","14.81","10","10","10","10","21","34","2","1","6","8","3","6","7","6","1","5","4.5","1.9","1","6.4","7.4","55","0.214285714","0.055882353","0.116363636","5.5","5.5","2.1","2.1","0.64","0.64","0.1","0.1","38.18181818","86.48648649","100","29.50787009","1.888503686","15","15","21.33333333","21.33333333","3.333333333","3.333333333","6.295012287","6.295012287","24.66666667","24.66666667"
"","","GHP2014KMD-PT02","","","","","","","","","GHP2014KMD-PT02-00139","","","","50.14","20.15","10","7","7","6","12","6","3","1","5","3","2","5","5","6","3","5","2.3","0.2","3","2.5","5.5","18","0.191666667","0.033333333","0.138888889","2.571428571","1.8","1.714285714","1.2","0.357142857","0.25","0.428571429","0.3","66.66666667","45.45454545","70","40.18747507","1.004686877","7.666666667","10.95238095","8.333333333","11.9047619","10","14.28571429","3.348956256","4.784223223","18.33333333","26.19047619"
"","","GHP2014KMD-PT02","","","","","","","","","GHP2014KMD-PT02-00140","","","","50.53","14.92","10","8","8","8","7","14","1","1","5","8","2","5","4","5","5","6","1.5","0.6","0.2","2.1","2.3","21","0.214285714","0.042857143","0.1","2.625","2.1","0.875","0.7","0.2625","0.21","0.025","0.02","33.33333333","91.30434783","80","29.52701366","0.620067287","5","6.25","7","8.75","0.666666667","0.833333333","2.066890956","2.583613695","7.666666667","9.583333333"
"","","GHP2014KMD-PT02","","","","","","","","","GHP2014KMD-PT02-00141","","","","50.39","18.52","10","4","4","4","5","4","1","1","4","5","2","5","6","3","4","6","1.6","0.9","0.8","2.5","3.3","9","0.32","0.225","0.277777778","2.25","0.9","1.25","0.5","0.625","0.25","0.2","0.08","55.55555556","75.75757576","40","36.75332407","0.918833102","5.333333333","13.33333333","8.333333333","20.83333333","2.666666667","6.666666667","3.062777006","7.656942515","11","27.5"
"","","GHP2014KMD-PT02","","","","","","","","","GHP2014KMD-PT02-00142","","","","50.04","20.76","10","8","8","6","5","12","2","1","3","2","1","4","5","2","5","8","1.5","0.6","1","2.1","3.1","17","0.3","0.05","0.123529412","2.125","1.7","0.625","0.5","0.2625","0.21","0.125","0.1","29.41176471","67.74193548","80","41.48681055","0.871223022","5","6.25","7","8.75","3.333333333","4.166666667","2.904076739","3.630095923","10.33333333","12.91666667"
"","","GHP2014KMD-PT02","","","","","","","","","GHP2014KMD-PT02-00143","","","","","","10","10","10","10","22","19","1","1","","","1","5","7","6","9","6","6.4","1.1","4","7.5","11.5","41","0.290909091","0.057894737","0.182926829","4.1","4.1","2.2","2.2","0.75","0.75","0.4","0.4","53.65853659","65.2173913","100","","","21.33333333","21.33333333","25","25","13.33333333","13.33333333","","","38.33333333","38.33333333"
"","","GHP2014KMD-PT02","","","","","","","","","GHP2014KMD-PT02-00144","","","","","","10","8","8","6","13","18","3","1","","","3","5","6","6","1","5","3.4","0.6","5.2","4","9.2","31","0.261538462","0.033333333","0.129032258","3.875","3.1","1.625","1.3","0.5","0.4","0.65","0.52","41.93548387","43.47826087","80","","","11.33333333","14.16666667","13.33333333","16.66666667","17.33333333","21.66666667","","","30.66666667","38.33333333"
"","","GHP2014KMD-PT02","","","","","","","","","GHP2014KMD-PT02-00145","","","","","","10","6","6","6","9","2","3","1","","","2","3","4","3","5","7","1.5","0.2","1.8","1.7","3.5","11","0.166666667","0.1","0.154545455","1.833333333","1.1","1.5","0.9","0.283333333","0.17","0.3","0.18","81.81818182","48.57142857","60","","","5","8.333333333","5.666666667","9.444444444","6","10","","","11.66666667","19.44444444"
"","","GHP2014KMD-PT02","","","","","","","","","GHP2014KMD-PT02-00146","","","","50.63","15.04","10","8","8","8","9","19","1","1","6","4","3","5","6","4","4","7","1.4","0.8","0.8","2.2","3","28","0.155555556","0.042105263","0.078571429","3.5","2.8","1.125","0.9","0.275","0.22","0.1","0.08","32.14285714","73.33333333","80","29.70570808","0.653525578","4.666666667","5.833333333","7.333333333","9.166666667","2.666666667","3.333333333","2.178418592","2.723023241","10","12.5"
"","","GHP2014KMD-PT02","","","","","","","","","GHP2014KMD-PT02-00147","","","","","","10","4","4","2","0","4","2","1","","","3","2","3","2","5","8","0","0.3","0.6","0.3","0.9","4","","0.075","0.075","1","0.4","0","0","0.075","0.03","0.15","0.06","0","33.33333333","40","","","0","0","1","2.5","2","5","","","3","7.5"
"","","GHP2014KMD-PT02","","","","","","","","","GHP2014KMD-PT02-00148","","","","","","10","0","","","","","","","","","","","","","","","","","","","","","","","","","","","","","","","","","","","","","","","","","","","","","",""
"","","GHP2014KMD-PT02","","","","","","","","","GHP2014KMD-PT02-00149","","","","","","10","0","","","","","","","","","","","","","","","","","","","","","","","","","","","","","","","","","","","","","","","","","","","","","",""
"","","GHP2014KMD-PT02","","","","","","","","","GHP2014KMD-PT02-00150","","","","","","10","0","","","","","","","","","","","","","","","","","","","","","","","","","","","","","","","","","","","","","","","","","","","","","",""
"","","GHP2014KMD-PT02","","","","","","","","","GHP2014KMD-PT02-00151","","","","","","10","4","4","1","0","5","3","1","","","2","2","2","3","5","7","0","0.2","0.2","0.2","0.4","5","","0.04","0.04","1.25","0.5","0","0","0.05","0.02","0.05","0.02","0","50","40","","","0","0","0.666666667","1.666666667","0.666666667","1.666666667","","","1.333333333","3.333333333"
"","","GHP2014KMD-PT02","","","","","","","","","GHP2014KMD-PT02-00152","","","","50.12","20.12","10","6","6","6","6","11","3","1","5","8","4","4","6","6","5","6","2.1","0.7","2.2","2.8","5","17","0.35","0.063636364","0.164705882","2.833333333","1.7","1","0.6","0.466666667","0.28","0.366666667","0.22","35.29411765","56","60","40.14365523","1.124022346","7","11.66666667","9.333333333","15.55555556","7.333333333","12.22222222","3.746741155","6.244568591","16.66666667","27.77777778"
"","","GHP2014KMD-PT02","","","","","","","","","GHP2014KMD-PT02-00153","","","","","","10","4","4","3","3","6","3","1","","","3","3","4","2","8","8","0.5","0.2","0.2","0.7","0.9","9","0.166666667","0.033333333","0.077777778","2.25","0.9","0.75","0.3","0.175","0.07","0.05","0.02","33.33333333","77.77777778","40","","","1.666666667","4.166666667","2.333333333","5.833333333","0.666666667","1.666666667","","","3","7.5"
"","","GHP2014KMD-PT02","","","","","","","","","GHP2014KMD-PT02-00154","","","","","","10","0","","","","","","","","","","","","","","","","","","","","","","","","","","","","","","","","","","","","","","","","","","","","","",""
"","","GHP2014KMD-PT02","","","","","","","","","GHP2014KMD-PT02-00155","","","","","","10","4","4","3","2","4","3","1","","","2","4","4","4","5","7","0.4","0.2","0.6","0.6","1.2","6","0.2","0.05","0.1","1.5","0.6","0.5","0.2","0.15","0.06","0.15","0.06","33.33333333","50","40","","","1.333333333","3.333333333","2","5","2","5","","","4","10"
"","","GHP2014KMD-PT02","","","","","","","","","GHP2014KMD-PT02-00156","","","","","","10","9","9","9","6","10","2","1","","","1","4","6","5","6","5","2.6","0.5","5.6","3.1","8.7","16","0.433333333","0.05","0.19375","1.777777778","1.6","0.666666667","0.6","0.344444444","0.31","0.622222222","0.56","37.5","35.63218391","90","","","8.666666667","9.62962963","10.33333333","11.48148148","18.66666667","20.74074074","","","29","32.22222222"
"","","GHP2014KMD-PT02","","","","","","","","","GHP2014KMD-PT02-00157","","","","50.15","19.78","10","8","8","7","6","17","2","2","5","2","2","4","6","5","5","6","1.8","0.8","1.8","2.6","4.4","23","0.3","0.047058824","0.113043478","2.875","2.3","0.75","0.6","0.325","0.26","0.225","0.18","26.08695652","59.09090909","80","39.44167498","1.025483549","6","7.5","8.666666667","10.83333333","6","7.5","3.418278498","4.272848122","14.66666667","18.33333333"
"","","GHP2014KMD-PT02","","","","","","","","","GHP2014KMD-PT02-00158","","","","","","10","6","6","4","8","0","3","2","","","2","4","6","6","5","4","2.5","0","6","2.5","8.5","8","0.3125","","0.3125","1.333333333","0.8","1.333333333","0.8","0.416666667","0.25","1","0.6","100","29.41176471","60","","","8.333333333","13.88888889","8.333333333","13.88888889","20","33.33333333","","","28.33333333","47.22222222"
"","","GHP2014KMD-PT02","","","","","","","","","GHP2014KMD-PT02-00159","","","","50.75","22.17","10","9","9","9","21","18","2","2","5","8","3","5","5","3","3","7","3.4","1.4","2.2","4.8","7","39","0.161904762","0.077777778","0.123076923","4.333333333","3.9","2.333333333","2.1","0.533333333","0.48","0.244444444","0.22","53.84615385","68.57142857","90","43.68472906","2.096866995","11.33333333","12.59259259","16","17.77777778","7.333333333","8.148148148","6.98955665","7.766174056","23.33333333","25.92592593"
"","","GHP2014KMD-PT02","","","","","","","","","GHP2014KMD-PT02-00160","","","","","","10","5","5","4","3","7","2","1","","","1","4","4","1","5","9","0.7","0.3","0.4","1","1.4","10","0.233333333","0.042857143","0.1","2","1","0.6","0.3","0.2","0.1","0.08","0.04","30","71.42857143","50","","","2.333333333","4.666666667","3.333333333","6.666666667","1.333333333","2.666666667","","","4.666666667","9.333333333"
"","","GHP2014KMD-PT02","","","","","","","","","GHP2014KMD-PT02-00161","","","","","","10","2","2","1","0","1","1","1","","","1","2","2","1","4","9","0","0.1","0.2","0.1","0.3","1","","0.1","0.1","0.5","0.1","0","0","0.05","0.01","0.1","0.02","0","33.33333333","20","","","0","0","0.333333333","1.666666667","0.666666667","3.333333333","","","1","5"
"","","GHP2014KMD-PT02","","","","","","","","","GHP2014KMD-PT02-00162","","","","","","10","6","6","2","0","6","2","1","","","1","3","4","2","6","8","0","0.5","1","0.5","1.5","6","","0.083333333","0.083333333","1","0.6","0","0","0.083333333","0.05","0.166666667","0.1","0","33.33333333","60","","","0","0","1.666666667","2.777777778","3.333333333","5.555555556","","","5","8.333333333"
"","","GHP2014KMD-PT02","","","","","","","","","GHP2014KMD-PT02-00163","","","","","","10","7","7","6","8","9","1","2","","","2","4","5","3","7","8","1.7","0.5","0.8","2.2","3","17","0.2125","0.055555556","0.129411765","2.428571429","1.7","1.142857143","0.8","0.314285714","0.22","0.114285714","0.08","47.05882353","73.33333333","70","","","5.666666667","8.095238095","7.333333333","10.47619048","2.666666667","3.80952381","","","10","14.28571429"
"","","GHP2014KMD-PT02","","","","","","","","","GHP2014KMD-PT02-00164","","","","50.41","20.02","10","4","4","4","9","7","1","1","6","5","1","5","6","6","4","5","2.6","0.2","6.6","2.8","9.4","16","0.288888889","0.028571429","0.175","4","1.6","2.25","0.9","0.7","0.28","1.65","0.66","56.25","29.78723404","40","39.71434239","1.112001587","8.666666667","21.66666667","9.333333333","23.33333333","22","55","3.706671957","9.266679892","31.33333333","78.33333333"
"","","GHP2014KMD-PT02","","","","","","","","","GHP2014KMD-PT02-00165","","","","","","10","9","9","8","9","7","1","1","","","1","4","5","5","4","5","1.8","0.4","2.8","2.2","5","16","0.2","0.057142857","0.1375","1.777777778","1.6","1","0.9","0.244444444","0.22","0.311111111","0.28","56.25","44","90","","","6","6.666666667","7.333333333","8.148148148","9.333333333","10.37037037","","","16.66666667","18.51851852"
"","","GHP2014KMD-PT02","","","","","","","","","GHP2014KMD-PT02-00166","","","","","","10","7","7","4","6","2","1","1","","","1","4","6","4","5","7","","","1.8","","","8","","","","1.142857143","0.8","0.857142857","0.6","","","0.257142857","0.18","75","","70","","","","","","","6","8.571428571","","","",""
"","","GHP2014KMD-PT02","","","","","","","","","GHP2014KMD-PT02-00167","","","","","","10","9","9","7","4","2","1","1","","","1","5","5","4","5","7","1.1","0.2","1.8","1.3","3.1","6","0.275","0.1","0.216666667","0.666666667","0.6","0.444444444","0.4","0.144444444","0.13","0.2","0.18","66.66666667","41.93548387","90","","","3.666666667","4.074074074","4.333333333","4.814814815","6","6.666666667","","","10.33333333","11.48148148"
"","","GHP2014KMD-PT02","","","","","","","","","GHP2014KMD-PT02-00168","","","","","","10","1","1","0","0","0","","","","","","","","","7","","0","0","0.8","0","0.8","0","","","","0","0","0","0","0","0","0.8","0.08","","0","10","","","0","0","0","0","2.666666667","26.66666667","","","2.666666667","26.66666667"
"","","GHP2014KMD-PT02","","","","","","","","","GHP2014KMD-PT02-00169","","","","50.54","20.45","10","9","9","8","17","7","1","1","9","9","1","6","6","8","3","3","3.5","0.4","5.4","3.9","9.3","24","0.205882353","0.057142857","0.1625","2.666666667","2.4","1.888888889","1.7","0.433333333","0.39","0.6","0.54","70.83333333","41.93548387","90","40.4629996","1.578056985","11.66666667","12.96296296","13","14.44444444","18","20","5.260189949","5.844655498","31","34.44444444"
"","","GHP2014KMD-PT02","","","","","","","","","GHP2014KMD-PT02-00170","","","","","","10","0","","","","","","","","","","","","","9","","","","","","","","","","","","","","","","","","","","","","","","","","","","","","","","",""
"","","GHP2014KMD-PT02","","","","","","","","","GHP2014KMD-PT02-00171","","","","","","10","10","10","2","0","3","1","1","","","1","2","3","8","3","2","0","0.3","12","0.3","12.3","3","","0.1","0.1","0.3","0.3","0","0","0.03","0.03","1.2","1.2","0","2.43902439","100","","","0","0","1","1","40","40","","","41","41"
"","","GHP2014KMD-PT02","","","","","","","","","GHP2014KMD-PT02-00172","","","","50.25","22.28","10","10","10","6","6","15","2","1","5","8","1","4","5","","1","4","1.3","0.5","6.8","1.8","8.6","21","0.216666667","0.033333333","0.085714286","2.1","2.1","0.6","0.6","0.18","0.18","0.68","0.68","28.57142857","20.93023256","100","44.33830846","0.798089552","4.333333333","4.333333333","6","6","22.66666667","22.66666667","2.660298507","2.660298507","28.66666667","28.66666667"
"","","GHP2014KMD-PT02","","","","","","","","","GHP2014KMD-PT02-00173","","","","","","10","7","7","5","7","22","1","1","","","1","4","6","9","3","2","1.4","1.1","8.4","2.5","10.9","29","0.2","0.05","0.086206897","4.142857143","2.9","1","0.7","0.357142857","0.25","1.2","0.84","24.13793103","22.93577982","70","","","4.666666667","6.666666667","8.333333333","11.9047619","28","40","","","36.33333333","51.9047619"
"","","GHP2014KMD-PT02","","","","","","","","","GHP2014KMD-PT02-00174","","","","","","10","8","8","4","7","6","1","1","","","1","4","7","3","7","7","2.3","0.4","3","2.7","5.7","13","0.328571429","0.066666667","0.207692308","1.625","1.3","0.875","0.7","0.3375","0.27","0.375","0.3","53.84615385","47.36842105","80","","","7.666666667","9.583333333","9","11.25","10","12.5","","","19","23.75"
"","","GHP2014KMD-PT02","","","","","","","","","GHP2014KMD-PT02-00175","","","","50.1","15.7","10","10","10","10","8","14","1","1","7","4","1","4","5","4","4","6","2.6","0.6","2.4","3.2","5.6","22","0.325","0.042857143","0.145454545","2.2","2.2","0.8","0.8","0.32","0.32","0.24","0.24","36.36363636","57.14285714","100","31.33732535","1.002794411","8.666666667","8.666666667","10.66666667","10.66666667","8","8","3.342648037","3.342648037","18.66666667","18.66666667"
"","","GHP2014KMD-PT02","","","","","","","","","GHP2014KMD-PT02-00176","","","","","","10","0","","","","","","","","","","","","","9","","","","","","","","","","","","","","","","","","","","","","","","","","","","","","","","",""
"","","GHP2014KMD-PT02","","","","","","","","","GHP2014KMD-PT02-00177","","","","","","10","5","5","","4","0","1","","","","","","","5","4","6","0.2","0","2","0.2","2.2","4","0.05","","0.05","0.8","0.4","0.8","0.4","0.04","0.02","0.4","0.2","100","9.090909091","50","","","0.666666667","1.333333333","0.666666667","1.333333333","6.666666667","13.33333333","","","7.333333333","14.66666667"
"","","GHP2014KMD-PT02","","","","","","","","","GHP2014KMD-PT02-00178","","","","","","10","6","6","3","2","6","1","1","","","1","4","4","4","5","6","0.3","0.4","1","0.7","1.7","8","0.15","0.066666667","0.0875","1.333333333","0.8","0.333333333","0.2","0.116666667","0.07","0.166666667","0.1","25","41.17647059","60","","","1","1.666666667","2.333333333","3.888888889","3.333333333","5.555555556","","","5.666666667","9.444444444"
"","","GHP2014KMD-PT02","","","","","","","","","GHP2014KMD-PT02-00179","","","","50.18","19.05","10","10","10","8","5","11","2","1","6","3","1","3","3","4","2","6","0.7","0.6","1.2","1.3","2.5","16","0.14","0.054545455","0.08125","1.6","1.6","0.5","0.5","0.13","0.13","0.12","0.12","31.25","52","100","37.963332","0.493523316","2.333333333","2.333333333","4.333333333","4.333333333","4","4","1.64507772","1.64507772","8.333333333","8.333333333"
"","","GHP2014KMD-PT02","","","","","","","","","GHP2014KMD-PT02-00180","","","","","","10","6","6","5","0","4","2","3","","","2","4","6","5","4","6","0","5","1","5","6","4","","1.25","1.25","0.666666667","0.4","0","0","0.833333333","0.5","0.166666667","0.1","0","83.33333333","60","","","0","0","16.66666667","27.77777778","3.333333333","5.555555556","","","20","33.33333333"
"","","GHP2014KMD-PT02","","","","","","","","","GHP2014KMD-PT02-00181","","","","","","10","8","8","8","0","20","2","1","","","1","3","3","6","4","5","0","1.2","2.2","1.2","3.4","20","","0.06","0.06","2.5","2","0","0","0.15","0.12","0.275","0.22","0","35.29411765","80","","","0","0","4","5","7.333333333","9.166666667","","","11.33333333","14.16666667"
"","","GHP2014KMD-PT02","","","","","","","","","GHP2014KMD-PT02-00182","","","","","","10","5","5","1","0","8","2","1","","","1","3","2","5","6","6","0","0.3","1","0.3","1.3","8","","0.0375","0.0375","1.6","0.8","0","0","0.06","0.03","0.2","0.1","0","23.07692308","50","","","0","0","1","2","3.333333333","6.666666667","","","4.333333333","8.666666667"
"","","GHP2014KMD-PT02","","","","","","","","","GHP2014KMD-PT02-00183","","","","","","10","9","9","0","0","0","","","","","","","","7","2","4","0","0","7.6","0","7.6","0","","","","0","0","0","0","0","0","0.844444444","0.76","","0","90","","","0","0","0","0","25.33333333","28.14814815","","","25.33333333","28.14814815"
"","","GHP2014KMD-PT02","","","","","","","","","GHP2014KMD-PT02-00184","","","","","","10","0","","","","","","","","","","","","","","","","","","","","","","","","","","","","","","","","","","","","","","","","","","","","","",""
"","","GHP2014KMD-PT02","","","","","","","","","GHP2014KMD-PT02-00185","","","","","","10","10","10","4","8","6","1","1","","","1","2","2","5","4","6","","0.4","3.4","","","14","","0.066666667","","1.4","1.4","0.8","0.8","","","0.34","0.34","57.14285714","","100","","","","","","","11.33333333","11.33333333","","","",""
"","","GHP2014KMD-PT02","","","","","","","","","GHP2014KMD-PT02-00186","","","","","","10","3","3","2","0","5","1","1","","","1","2","2","1","5","9","0","0.4","0.2","0.4","0.6","5","","0.08","0.08","1.666666667","0.5","0","0","0.133333333","0.04","0.066666667","0.02","0","66.66666667","30","","","0","0","1.333333333","4.444444444","0.666666667","2.222222222","","","2","6.666666667"
"","","GHP2014KMD-PT02","","","","","","","","","GHP2014KMD-PT02-00187","","","","","","10","0","","","","","","","","","","","","","","","","","","","","","","","","","","","","","","","","","","","","","","","","","","","","","",""
"","","GHP2014KMD-PT02","","","","","","","","","GHP2014KMD-PT02-00188","","","","","","10","6","6","1","0","2","2","1","","","1","3","3","4","4","5","0","0.2","0.6","0.2","0.8","2","","0.1","0.1","0.333333333","0.2","0","0","0.033333333","0.02","0.1","0.06","0","25","60","","","0","0","0.666666667","1.111111111","2","3.333333333","","","2.666666667","4.444444444"
"","","GHP2014KMD-PT02","","","","","","","","","GHP2014KMD-PT02-00189","","","","","","10","6","6","6","0","12","2","1","","","1","4","5","4","3","7","0","1.5","0.8","1.5","2.3","12","","0.125","0.125","2","1.2","0","0","0.25","0.15","0.133333333","0.08","0","65.2173913","60","","","0","0","5","8.333333333","2.666666667","4.444444444","","","7.666666667","12.77777778"
"","","GHP2014KMD-PT02","","","","","","","","","GHP2014KMD-PT02-00190","","","","","","10","3","3","0","0","0","","","","","","","","2","5","8","0","0","0.6","0","0.6","0","","","","0","0","0","0","0","0","0.2","0.06","","0","30","","","0","0","0","0","2","6.666666667","","","2","6.666666667"
"","","GHP2014KMD-PT02","","","","","","","","","GHP2014KMD-PT02-00191","","","","","","10","7","7","3","0","5","1","1","","","1","2","3","5","4","5","0","0.4","1.8","0.4","2.2","5","","0.08","0.08","0.714285714","0.5","0","0","0.057142857","0.04","0.257142857","0.18","0","18.18181818","70","","","0","0","1.333333333","1.904761905","6","8.571428571","","","7.333333333","10.47619048"
"","","GHP2014KMD-PT02","","","","","","","","","GHP2014KMD-PT02-00192","","","","","","10","2","2","2","0","5","1","1","","","1","3","2","3","5","8","0","0.5","0.6","0.5","1.1","5","","0.1","0.1","2.5","0.5","0","0","0.25","0.05","0.3","0.06","0","45.45454545","20","","","0","0","1.666666667","8.333333333","2","10","","","3.666666667","18.33333333"
"","","GHP2014KMD-PT02","","","","","","","","","GHP2014KMD-PT02-00193","","","","50.35","11.51","10","10","10","10","15","19","2","3","8","6","3","4","4","5","4","5","2.1","1","1","3.1","4.1","34","0.14","0.052631579","0.091176471","3.4","3.4","1.5","1.5","0.31","0.31","0.1","0.1","44.11764706","75.6097561","100","22.85998014","0.708659384","7","7","10.33333333","10.33333333","3.333333333","3.333333333","2.362197948","2.362197948","13.66666667","13.66666667"
"","","GHP2014KMD-PT02","","","","","","","","","GHP2014KMD-PT02-00194","","","","","","10","10","10","3","0","5","2","1","","","1","2","3","7","2","4","0","0.3","1","0.3","1.3","5","","0.06","0.06","0.5","0.5","0","0","0.03","0.03","0.1","0.1","0","23.07692308","100","","","0","0","1","1","3.333333333","3.333333333","","","4.333333333","4.333333333"
"","","GHP2014KMD-PT02","","","","","","","","","GHP2014KMD-PT02-00195","","","","","","10","3","3","3","18","11","2","1","","","1","5","6","5","4","5","3.5","0.4","1.8","3.9","5.7","29","0.194444444","0.036363636","0.134482759","9.666666667","2.9","6","1.8","1.3","0.39","0.6","0.18","62.06896552","68.42105263","30","","","11.66666667","38.88888889","13","43.33333333","6","20","","","19","63.33333333"
"","","GHP2014KMD-PT02","","","","","","","","","GHP2014KMD-PT02-00196","","","","50.49","15.92","10","9","9","6","3","12","1","1","8","5","1","5","5","5","4","6","0.5","0.6","3","1.1","4.1","15","0.166666667","0.05","0.073333333","1.666666667","1.5","0.333333333","0.3","0.122222222","0.11","0.333333333","0.3","20","26.82926829","90","31.53099624","0.346840959","1.666666667","1.851851852","3.666666667","4.074074074","10","11.11111111","1.156136529","1.284596143","13.66666667","15.18518519"
"","","GHP2014KMD-PT02","","","","","","","","","GHP2014KMD-PT02-00197","","","","","","10","7","7","5","10","8","1","1","","","3","5","5","7","4","4","2.1","1.4","4","3.5","7.5","18","0.21","0.175","0.194444444","2.571428571","1.8","1.428571429","1","0.5","0.35","0.571428571","0.4","55.55555556","46.66666667","70","","","7","10","11.66666667","16.66666667","13.33333333","19.04761905","","","25","35.71428571"
"","","GHP2014KMD-PT02","","","","","","","","","GHP2014KMD-PT02-00198","","","","","","10","7","7","5","4","7","2","1","","","3","3","3","8","2","4","1.5","0.3","7.6","1.8","9.4","11","0.375","0.042857143","0.163636364","1.571428571","1.1","0.571428571","0.4","0.257142857","0.18","1.085714286","0.76","36.36363636","19.14893617","70","","","5","7.142857143","6","8.571428571","25.33333333","36.19047619","","","31.33333333","44.76190476"
"","","GHP2014KMD-PT02","","","","","","","","","GHP2014KMD-PT02-00199","","","","50.18","18.75","10","9","9","3","0","7","1","1","5","5","1","2","2","4","4","7","0","0.4","2.4","0.4","2.8","7","","0.057142857","0.057142857","0.777777778","0.7","0","0","0.044444444","0.04","0.266666667","0.24","0","14.28571429","90","37.36548426","0.149461937","0","0","1.333333333","1.481481481","8","8.888888889","0.498206457","0.55356273","9.333333333","10.37037037"
"","","GHP2014KMD-PT02","","","","","","","","","GHP2014KMD-PT02-00200","","","","","","10","10","10","10","12","14","2","1","","","2","5","5","5","4","6","2.3","0.7","2.4","3","5.4","26","0.191666667","0.05","0.115384615","2.6","2.6","1.2","1.2","0.3","0.3","0.24","0.24","46.15384615","55.55555556","100","","","7.666666667","7.666666667","10","10","8","8","","","18","18"
"","","GHP2014KMD-PT02","","","","","","","","","GHP2014KMD-PT02-00201","","","","50.48","14.67","10","8","8","6","11","0","2","2","4","2","3","5","6","4","4","6","3.3","0","0.8","3.3","4.1","11","0.3","","0.3","1.375","1.1","1.375","1.1","0.4125","0.33","0.1","0.08","100","80.48780488","80","29.06101426","0.959013471","11","13.75","11","13.75","2.666666667","3.333333333","3.196711569","3.995889461","13.66666667","17.08333333"
"","","GHP2014KMD-PT02","","","","","","","","","GHP2014KMD-PT02-00202","","","","","","10","7","7","2","0","3","2","1","","","1","2","2","4","5","6","0","0.3","4","0.3","4.3","3","","0.1","0.1","0.428571429","0.3","0","0","0.042857143","0.03","0.571428571","0.4","0","6.976744186","70","","","0","0","1","1.428571429","13.33333333","19.04761905","","","14.33333333","20.47619048"
"","","GHP2014KMD-PT02","","","","","","","","","GHP2014KMD-PT02-00203","","","","50.18","18.41","10","10","10","8","7","9","2","1","5","2","1","5","7","6","3","4","3.2","0.5","5.8","3.7","9.5","16","0.457142857","0.055555556","0.23125","1.6","1.6","0.7","0.7","0.37","0.37","0.58","0.58","43.75","38.94736842","100","36.68792348","1.357453169","10.66666667","10.66666667","12.33333333","12.33333333","19.33333333","19.33333333","4.524843895","4.524843895","31.66666667","31.66666667"
"","","GHP2014KMD-PT02","","","","","","","","","GHP2014KMD-PT02-00204","","","","","","10","10","10","9","6","11","1","1","","","3","4","4","6","4","5","1","0.7","4.6","1.7","6.3","17","0.166666667","0.063636364","0.1","1.7","1.7","0.6","0.6","0.17","0.17","0.46","0.46","35.29411765","26.98412698","100","","","3.333333333","3.333333333","5.666666667","5.666666667","15.33333333","15.33333333","","","21","21"
"","","GHP2014KMD-PT02","","","","","","","","","GHP2014KMD-PT02-00205","","","","","","10","0","","","","","","","","","","","","","","","","","","","","","","","","","","","","","","","","","","","","","","","","","","","","","",""
"","","GHP2014KMD-PT02","","","","","","","","","GHP2014KMD-PT02-00206","","","","","","10","1","1","0","0","0","","","","","","","","2","7","8","0","0","0.2","0","0.2","0","","","","0","0","0","0","0","0","0.2","0.02","","0","10","","","0","0","0","0","0.666666667","6.666666667","","","0.666666667","6.666666667"
"","","GHP2014KMD-PT02","","","","","","","","","GHP2014KMD-PT02-00207","","","","","","10","6","6","4","0","10","1","1","","","1","3","3","3","5","6","0","0.8","1.8","0.8","2.6","10","","0.08","0.08","1.666666667","1","0","0","0.133333333","0.08","0.3","0.18","0","30.76923077","60","","","0","0","2.666666667","4.444444444","6","10","","","8.666666667","14.44444444"
"","","GHP2014KMD-PT02","","","","","","","","","GHP2014KMD-PT02-00208","","","","50.79","16.61","10","9","9","9","14","27","1","1","8","5","1","5","8","4","5","7","4.8","1.5","5","6.3","11.3","41","0.342857143","0.055555556","0.153658537","4.555555556","4.1","1.555555556","1.4","0.7","0.63","0.555555556","0.5","34.14634146","55.75221239","90","32.70328805","2.060307147","16","17.77777778","21","23.33333333","16.66666667","18.51851852","6.86769049","7.630767211","37.66666667","41.85185185"
"","","GHP2014KMD-PT02","","","","","","","","","GHP2014KMD-PT02-00209","","","","","","10","7","7","7","4","9","2","1","","","1","4","5","3","6","7","0.7","0.5","0.6","1.2","1.8","13","0.175","0.055555556","0.092307692","1.857142857","1.3","0.571428571","0.4","0.171428571","0.12","0.085714286","0.06","30.76923077","66.66666667","70","","","2.333333333","3.333333333","4","5.714285714","2","2.857142857","","","6","8.571428571"
"","","GHP2014KMD-PT02","","","","","","","","","GHP2014KMD-PT02-00210","","","","50.63","18.92","10","10","10","10","8","15","2","1","3","2","2","4","3","6","4","5","1","0.7","8.4","1.7","10.1","23","0.125","0.046666667","0.073913043","2.3","2.3","0.8","0.8","0.17","0.17","0.84","0.84","34.7826087","16.83168317","100","37.36914873","0.635275528","3.333333333","3.333333333","5.666666667","5.666666667","28","28","2.117585094","2.117585094","33.66666667","33.66666667"
"","","GHP2014KMD-PT02","","","","","","","","","GHP2014KMD-PT02-00211","","","","","","10","2","2","0","0","0","","","","","","","","2","8","8","0","0","0.8","0","0.8","0","","","","0","0","0","0","0","0","0.4","0.08","","0","20","","","0","0","0","0","2.666666667","13.33333333","","","2.666666667","13.33333333"
"","","GHP2014KMD-PT02","","","","","","","","","GHP2014KMD-PT02-00212","","","","","","10","0","","","","","","","","","","","","","","","","","","","","","","","","","","","","","","","","","","","","","","","","","","","","","",""
"","","GHP2014KMD-PT02","","","","","","","","","GHP2014KMD-PT02-00213","","","","","","10","10","10","9","14","19","1","2","","","2","4","7","8","3","4","5.8","1.2","11.2","7","18.2","33","0.414285714","0.063157895","0.212121212","3.3","3.3","1.4","1.4","0.7","0.7","1.12","1.12","42.42424242","38.46153846","100","","","19.33333333","19.33333333","23.33333333","23.33333333","37.33333333","37.33333333","","","60.66666667","60.66666667"
"","","GHP2014KMD-PT02","","","","","","","","","GHP2014KMD-PT02-00214","","","","","","10","6","6","4","3","4","1","1","","","1","3","4","5","5","6","0.4","0.3","3","0.7","3.7","7","0.133333333","0.075","0.1","1.166666667","0.7","0.5","0.3","0.116666667","0.07","0.5","0.3","42.85714286","18.91891892","60","","","1.333333333","2.222222222","2.333333333","3.888888889","10","16.66666667","","","12.33333333","20.55555556"
"","","GHP2014KMD-PT02","","","","","","","","","GHP2014KMD-PT02-00215","","","","","","10","1","1","1","3","5","1","1","","","1","3","3","3","7","7","0.4","0.2","1.8","0.6","2.4","8","0.133333333","0.04","0.075","8","0.8","3","0.3","0.6","0.06","1.8","0.18","37.5","25","10","","","1.333333333","13.33333333","2","20","6","60","","","8","80"
"","","GHP2014KMD-PT02","","","","","","","","","GHP2014KMD-PT02-00216","","","","","","10","6","6","5","7","5","2","1","","","3","5","4","4","5","7","1.4","1.2","1","2.6","3.6","12","0.2","0.24","0.216666667","2","1.2","1.166666667","0.7","0.433333333","0.26","0.166666667","0.1","58.33333333","72.22222222","60","","","4.666666667","7.777777778","8.666666667","14.44444444","3.333333333","5.555555556","","","12","20"
"","","GHP2014KMD-PT02","","","","","","","","","GHP2014KMD-PT02-00217","","","","","","10","2","2","2","4","0","1","1","","","1","5","4","3","7","8","0.9","0","1","0.9","1.9","4","0.225","","0.225","2","0.4","2","0.4","0.45","0.09","0.5","0.1","100","47.36842105","20","","","3","15","3","15","3.333333333","16.66666667","","","6.333333333","31.66666667"
"","","GHP2014KMD-PT02","","","","","","","","","GHP2014KMD-PT02-00218","","","","","","10","7","7","7","10","10","2","2","","","1","4","6","3","4","8","2.4","0.6","1.4","3","4.4","20","0.24","0.06","0.15","2.857142857","2","1.428571429","1","0.428571429","0.3","0.2","0.14","50","68.18181818","70","","","8","11.42857143","10","14.28571429","4.666666667","6.666666667","","","14.66666667","20.95238095"
"","","GHP2014KMD-PT02","","","","","","","","","GHP2014KMD-PT02-00219","","","","","","10","7","7","5","1","19","1","1","","","2","2","3","5","5","6","0.8","0.9","1.8","1.7","3.5","20","0.8","0.047368421","0.085","2.857142857","2","0.142857143","0.1","0.242857143","0.17","0.257142857","0.18","5","48.57142857","70","","","2.666666667","3.80952381","5.666666667","8.095238095","6","8.571428571","","","11.66666667","16.66666667"
"","","GHP2014KMD-PT02","","","","","","","","","GHP2014KMD-PT02-00220","","","","","","10","0","","","","","","","","","","","","","9","","","","","","","","","","","","","","","","","","","","","","","","","","","","","","","","",""
"","","GHP2014KMD-PT02","","","","","","","","","GHP2014KMD-PT02-00221","","","","50.19","18.29","10","4","4","4","5","0","2","2","4","3","2","3","4","3","5","7","0.8","0","2","0.8","2.8","5","0.16","","0.16","1.25","0.5","1.25","0.5","0.2","0.08","0.5","0.2","100","28.57142857","40","36.44152222","0.291532178","2.666666667","6.666666667","2.666666667","6.666666667","6.666666667","16.66666667","0.971773926","2.429434814","9.333333333","23.33333333"
"","","GHP2014KMD-PT02","","","","","","","","","GHP2014KMD-PT02-00222","","","","50.53","18.7","10","8","8","7","11","5","1","1","3","9","1","5","7","7","3","4","3.7","0.3","3.6","4","7.6","16","0.336363636","0.06","0.25","2","1.6","1.375","1.1","0.5","0.4","0.45","0.36","68.75","52.63157895","80","37.00771819","1.480308727","12.33333333","15.41666667","13.33333333","16.66666667","12","15","4.934362425","6.167953031","25.33333333","31.66666667"
"","","GHP2014KMD-PT02","","","","","","","","","GHP2014KMD-PT02-00223","","","","","","10","8","8","7","5","24","1","1","","","2","3","3","5","3","5","1.1","1.5","6.2","2.6","8.8","29","0.22","0.0625","0.089655172","3.625","2.9","0.625","0.5","0.325","0.26","0.775","0.62","17.24137931","29.54545455","80","","","3.666666667","4.583333333","8.666666667","10.83333333","20.66666667","25.83333333","","","29.33333333","36.66666667"
"","","GHP2014KMD-PT02","","","","","","","","","GHP2014KMD-PT02-00224","","","","50.84","18.81","10","9","9","9","14","11","3","2","6","8","3","3","7","5","5","5","4.3","0.6","3.6","4.9","8.5","25","0.307142857","0.054545455","0.196","2.777777778","2.5","1.555555556","1.4","0.544444444","0.49","0.4","0.36","56","57.64705882","90","36.99842644","1.812922895","14.33333333","15.92592593","16.33333333","18.14814815","12","13.33333333","6.043076318","6.714529242","28.33333333","31.48148148"
"","","GHP2014KMD-PT02","","","","","","","","","GHP2014KMD-PT02-00225","","","","","","10","8","8","5","5","6","3","2","","","3","4","7","3","5","8","1.5","0.7","3.4","2.2","5.6","11","0.3","0.116666667","0.2","1.375","1.1","0.625","0.5","0.275","0.22","0.425","0.34","45.45454545","39.28571429","80","","","5","6.25","7.333333333","9.166666667","11.33333333","14.16666667","","","18.66666667","23.33333333"
"","","GHP2014KMD-PT02","","","","","","","","","GHP2014KMD-PT02-00226","","","","50.59","17.06","10","8","8","7","8","4","3","1","7","3","2","5","5","5","5","6","1.6","0.6","2.2","2.2","4.4","12","0.2","0.15","0.183333333","1.5","1.2","1","0.8","0.275","0.22","0.275","0.22","66.66666667","50","80","33.72207946","0.741885748","5.333333333","6.666666667","7.333333333","9.166666667","7.333333333","9.166666667","2.472952494","3.091190617","14.66666667","18.33333333"
"","","GHP2014KMD-PT02","","","","","","","","","GHP2014KMD-PT02-00227","","","","","","10","4","4","0","0","0","","","","","","","","","5","","0","0","1.6","0","1.6","0","","","","0","0","0","0","0","0","0.4","0.16","","0","40","","","0","0","0","0","5.333333333","13.33333333","","","5.333333333","13.33333333"
"","","GHP2014KMD-PT02","","","","","","","","","GHP2014KMD-PT02-00228","","","","50.85","20.77","10","4","4","1","0","5","1","1","8","3","1","2","2","5","4","6","0","0.2","1.4","0.2","1.6","5","","0.04","0.04","1.25","0.5","0","0","0.05","0.02","0.35","0.14","0","12.5","40","40.84562439","0.081691249","0","0","0.666666667","1.666666667","4.666666667","11.66666667","0.272304163","0.680760406","5.333333333","13.33333333"
"","","GHP2014KMD-PT02","","","","","","","","","GHP2014KMD-PT02-00229","","","","","","10","3","3","2","0","2","2","","","","","","","3","4","7","0","0.1","0.4","0.1","0.5","2","","0.05","0.05","0.666666667","0.2","0","0","0.033333333","0.01","0.133333333","0.04","0","20","30","","","0","0","0.333333333","1.111111111","1.333333333","4.444444444","","","1.666666667","5.555555556"
"","","GHP2014KMD-PT02","","","","","","","","","GHP2014KMD-PT02-00230","","","","","","10","1","1","0","0","0","","","","","","","","3","8","7","0","0","0.4","0","0.4","0","","","","0","0","0","0","0","0","0.4","0.04","","0","10","","","0","0","0","0","1.333333333","13.33333333","","","1.333333333","13.33333333"
"","","GHP2014KMD-PT02","","","","","","","","","GHP2014KMD-PT02-00231","","","","50.92","13.57","10","8","8","7","13","0","2","2","3","2","2","3","4","6","4","5","2.7","0","4.2","2.7","6.9","13","0.207692308","","0.207692308","1.625","1.3","1.625","1.3","0.3375","0.27","0.525","0.42","100","39.13043478","80","26.6496465","0.719540456","9","11.25","9","11.25","14","17.5","2.398468185","2.998085232","23","28.75"
"","","GHP2014KMD-PT02","","","","","","","","","GHP2014KMD-PT02-00232","","","","50.96","18.46","10","7","7","7","8","7","2","2","6","8","3","4","6","7","3","5","3.1","0.6","5.2","3.7","8.9","15","0.3875","0.085714286","0.246666667","2.142857143","1.5","1.142857143","0.8","0.528571429","0.37","0.742857143","0.52","53.33333333","41.57303371","70","36.2244898","1.340306122","10.33333333","14.76190476","12.33333333","17.61904762","17.33333333","24.76190476","4.467687075","6.382410107","29.66666667","42.38095238"
"","","GHP2014KMD-PT02","","","","","","","","","GHP2014KMD-PT02-00233","","","","50.81","20.57","10","3","3","2","1","0","1","1","5","3","1","3","4","","4","","0.2","0","1.4","0.2","1.6","1","0.2","","0.2","0.333333333","0.1","0.333333333","0.1","0.066666667","0.02","0.466666667","0.14","100","12.5","30","40.48415666","0.080968313","0.666666667","2.222222222","0.666666667","2.222222222","4.666666667","15.55555556","0.269894378","0.899647926","5.333333333","17.77777778"
"","","GHP2014KMD-PT02","","","","","","","","","GHP2014KMD-PT02-00234","","","","","","10","5","5","5","6","8","3","3","","","3","4","6","5","3","6","1.8","0.6","1.6","2.4","4","14","0.3","0.075","0.171428571","2.8","1.4","1.2","0.6","0.48","0.24","0.32","0.16","42.85714286","60","50","","","6","12","8","16","5.333333333","10.66666667","","","13.33333333","26.66666667"
"","","GHP2014KMD-PT02","","","","","","","","","GHP2014KMD-PT02-00235","","","","50.78","18.1","10","1","1","1","2","0","2","1","6","8","1","2","3","7","3","4","0.4","0","0.2","0.4","0.6","2","0.2","","0.2","2","0.2","2","0.2","0.4","0.04","0.2","0.02","100","66.66666667","10","35.64395431","0.142575817","1.333333333","13.33333333","1.333333333","13.33333333","0.666666667","6.666666667","0.475252724","4.752527242","2","20"
"","","GHP2014KMD-PT02","","","","","","","","","GHP2014KMD-PT02-00236","","","","","","10","9","9","9","14","14","3","3","","","3","4","6","1","6","9","3.4","0.9","1","4.3","5.3","28","0.242857143","0.064285714","0.153571429","3.111111111","2.8","1.555555556","1.4","0.477777778","0.43","0.111111111","0.1","50","81.13207547","90","","","11.33333333","12.59259259","14.33333333","15.92592593","3.333333333","3.703703704","","","17.66666667","19.62962963"
"","","GHP2014KMD-PT02","","","","","","","","","GHP2014KMD-PT02-00237","","","","50.35","21.25","10","9","9","3","1","8","1","1","5","2","2","3","4","6","4","5","0.3","0.6","7.2","0.9","8.1","9","0.3","0.075","0.1","1","0.9","0.111111111","0.1","0.1","0.09","0.8","0.72","11.11111111","11.11111111","90","42.20456802","0.379841112","1","1.111111111","3","3.333333333","24","26.66666667","1.266137041","1.406818934","27","30"
"","","GHP2014KMD-PT02","","","","","","","","","GHP2014KMD-PT02-00238","","","","50.26","20.04","10","10","10","10","15","22","3","2","6","5","3","5","6","5","5","5","3.2","1.2","2.8","4.4","7.2","37","0.213333333","0.054545455","0.118918919","3.7","3.7","1.5","1.5","0.44","0.44","0.28","0.28","40.54054054","61.11111111","100","39.87266216","1.754397135","10.66666667","10.66666667","14.66666667","14.66666667","9.333333333","9.333333333","5.84799045","5.84799045","24","24"
"","","GHP2014KMD-PT02","","","","","","","","","GHP2014KMD-PT02-00239","","","","50.38","17.36","10","7","7","5","9","9","2","2","5","3","3","4","5","4","6","7","1.9","0.5","1.8","2.4","4.2","18","0.211111111","0.055555556","0.133333333","2.571428571","1.8","1.285714286","0.9","0.342857143","0.24","0.257142857","0.18","50","57.14285714","70","34.4581183","0.826994839","6.333333333","9.047619048","8","11.42857143","6","8.571428571","2.756649464","3.938070663","14","20"
"","","GHP2014KMD-PT02","","","","","","","","","GHP2014KMD-PT02-00240","","","","","","10","8","8","8","17","8","2","1","","","2","5","5","4","5","7","2.4","0.4","1.4","2.8","4.2","25","0.141176471","0.05","0.112","3.125","2.5","2.125","1.7","0.35","0.28","0.175","0.14","68","66.66666667","80","","","8","10","9.333333333","11.66666667","4.666666667","5.833333333","","","14","17.5"
