"studyYear","studyDbId","studyName","studyDesign","locationDbId","locationName","germplasmDbId","germplasmName","germplasmSynonyms","observationLevel","observationUnitDbId","observationUnitName","replicate","blockNumber","plotNumber","Alcidodes sp. damage estimating 1-9|CO_331:0000806","Millipede damage estimating 1-9|CO_331:0000805","Number of commercial storage roots per NET plot|CO_331:0000214","Number of non-commercial storage roots per NET plot|CO_331:0000217","Number of plants established per NET plot|CO_331:0000192","Number of plants harvested per NET plot|CO_331:0000679","Number of plants planted per NET plot|CO_331:0000678","Number of plants with storage roots per NET plot|CO_331:0000211","Storage root predominant Flesh color estimating 1-9|CO_331:0000178","Storage root skin predominant color estimating 1-9 CIP|CO_331:0000175","Reaction to Striped sweet potato weevil estimating 1-9|CO_331:0000720","Storage root appearance estimating 1-9 CIP|CO_331:0000202","Storage root size estimating 1-9|CO_331:0000184","Vine vigor estimating 1-9|CO_331:0000197","Virus symptoms estimating 1-9|CO_331:0000193","Virus symptoms estimating 1-9|month 1|before harvest|COMP:0000024","Weight of commercial storage roots per NET plot in kg|CO_331:0000220","Weight of non-commercial storage roots per NET plot in kg|CO_331:0000223","Weight of vines per NET plot in kg|CO_331:0000227","Total storage root weight per NET plot in kg|CO_331:0000237","Biomass yield in kg per plot|CO_331:0000683","Number of storage roots after harvest per NET plot|CO_331:0000233","Average commercial storage root weight computation kg|CO_331:0000680","Average non-commercial storage root weight computation kg|CO_331:0002039","Average total storage root weight computation kg|CO_331:0002040","Number of storage roots-after harvest per plant harvested|CO_331:0000230","Number of storage roots-after harvest per plant planted|CO_331:0000994","Number of commercial storage roots per plant harvested|CO_331:2000036","Number of commercial storage roots per plant planted|CO_331:0000993","Storage roots yield in kg per plant harvested|CO_331:0000681","Storage roots yield in kg per plant planted|CO_331:0000989","Vine weight in kg per plant harvested|CO_331:0000990","Vine weight in kg per plant planted|CO_331:0000991","Percentage of commercial storage root|CO_331:0000682","Harvest index computing percent|CO_331:0000302","Survival index computing percent|CO_331:0000301","Commercial storage root yield tons per ha|CO_331:0000809","Commercial storage root yield adjusted tons per ha|CO_331:0000998","Total storage roots yield computation tons per ha|CO_331:0000296","Total storage roots yield adjusted tons per ha|CO_331:0000999","Total foliage yield in tons per ha|CO_331:0000684","Total foliage yield adjusted in tons per ha|CO_331:0001002","Biomass yield in tons per ha|CO_331:0001003","Biomass yield adjusted in tons per ha|CO_331:0001004"
"","","GHP2014TON-PT02","","","","","","","","","GHP2014TON-PT02-00001","","","","2","1","4","4","10","10","10","3","","","1","3","3","6","2","6","0.4","0.2","24","0.6","24.6","8","0.1","0.05","0.075","0.8","0.8","0.4","0.4","0.06","0.06","2.4","2.4","50","2.43902439","100","1.333333333","1.333333333","2","2","80","80","82","82"
"","","GHP2014TON-PT02","","","","","","","","","GHP2014TON-PT02-00010","","","","","","0","0","2","2","10","0","","","","","","1","8","9","0","0","0.8","0","0.8","0","","","","0","0","0","0","0","0","0.4","0.08","","0","20","0","0","0","0","2.666666667","13.33333333","2.666666667","13.33333333"
"","","GHP2014TON-PT02","","","","","","","","","GHP2014TON-PT02-00100","","","","","","0","0","8","8","10","0","","","","","","3","3","7","0","0","0.6","0","0.6","0","","","","0","0","0","0","0","0","0.075","0.06","","0","80","0","0","0","0","2","2.5","2","2.5"
"","","GHP2014TON-PT02","","","","","","","","","GHP2014TON-PT02-00101","","","","","","0","0","4","4","10","0","","","","","","3","8","7","0","0","0.6","0","0.6","0","","","","0","0","0","0","0","0","0.15","0.06","","0","40","0","0","0","0","2","5","2","5"
"","","GHP2014TON-PT02","","","","","","","","","GHP2014TON-PT02-00102","","","","1","1","9","9","7","7","10","5","5","","1","5","5","4","2","5","1.4","0.3","4","1.7","5.7","18","0.155555556","0.033333333","0.094444444","2.571428571","1.8","1.285714286","0.9","0.242857143","0.17","0.571428571","0.4","50","29.8245614","70","4.666666667","6.666666667","5.666666667","8.095238095","13.33333333","19.04761905","19","27.14285714"
"","","GHP2014TON-PT02","","","","","","","","","GHP2014TON-PT02-00103","","","","2","1","3","7","10","10","10","3","","","1","3","3","4","3","6","0.3","0.1","4.4","0.4","4.8","10","0.1","0.014285714","0.04","1","1","0.3","0.3","0.04","0.04","0.44","0.44","30","8.333333333","100","1","1","1.333333333","1.333333333","14.66666667","14.66666667","16","16"
"","","GHP2014TON-PT02","","","","","","","","","GHP2014TON-PT02-00104","","","","","","0","0","3","3","10","0","","","","","","1","9","9","0","0","0.2","0","0.2","0","","","","0","0","0","0","0","0","0.066666667","0.02","","0","30","0","0","0","0","0.666666667","2.222222222","0.666666667","2.222222222"
"","","GHP2014TON-PT02","","","","","","","","","GHP2014TON-PT02-00105","","","","1","1","3","3","8","8","10","2","","","1","2","2","6","1","5","0.1","0.1","6.2","0.2","6.4","6","0.033333333","0.033333333","0.033333333","0.75","0.6","0.375","0.3","0.025","0.02","0.775","0.62","50","3.125","80","0.333333333","0.416666667","0.666666667","0.833333333","20.66666667","25.83333333","21.33333333","26.66666667"
"","","GHP2014TON-PT02","","","","","","","","","GHP2014TON-PT02-00106","","","","1","1","6","7","5","5","10","4","","","1","3","4","3","7","7","1","0.2","2.6","1.2","3.8","13","0.166666667","0.028571429","0.092307692","2.6","1.3","1.2","0.6","0.24","0.12","0.52","0.26","46.15384615","31.57894737","50","3.333333333","6.666666667","4","8","8.666666667","17.33333333","12.66666667","25.33333333"
"","","GHP2014TON-PT02","","","","","","","","","GHP2014TON-PT02-00107","","","","1","1","51","46","9","9","10","9","3","9","1","5","5","8","2","3","5.5","1.8","8.2","7.3","15.5","97","0.107843137","0.039130435","0.075257732","10.77777778","9.7","5.666666667","5.1","0.811111111","0.73","0.911111111","0.82","52.57731959","47.09677419","90","18.33333333","20.37037037","24.33333333","27.03703704","27.33333333","30.37037037","51.66666667","57.40740741"
"","","GHP2014TON-PT02","","","","","","","","","GHP2014TON-PT02-00108","","","","","","0","0","4","4","10","0","","","","","","7","6","4","0","0","2.4","0","2.4","0","","","","0","0","0","0","0","0","0.6","0.24","","0","40","0","0","0","0","8","20","8","20"
"","","GHP2014TON-PT02","","","","","","","","","GHP2014TON-PT02-00109","","","","1","1","6","15","8","8","10","6","","","1","3","3","8","2","4","0.7","0.4","10.4","1.1","11.5","21","0.116666667","0.026666667","0.052380952","2.625","2.1","0.75","0.6","0.1375","0.11","1.3","1.04","28.57142857","9.565217391","80","2.333333333","2.916666667","3.666666667","4.583333333","34.66666667","43.33333333","38.33333333","47.91666667"
"","","GHP2014TON-PT02","","","","","","","","","GHP2014TON-PT02-00011","","","","3","1","3","8","3","3","10","2","","","1","2","2","3","5","6","0.3","0.3","2.8","0.6","3.4","11","0.1","0.0375","0.054545455","3.666666667","1.1","1","0.3","0.2","0.06","0.933333333","0.28","27.27272727","17.64705882","30","1","3.333333333","2","6.666666667","9.333333333","31.11111111","11.33333333","37.77777778"
"","","GHP2014TON-PT02","","","","","","","","","GHP2014TON-PT02-00110","","","","","","0","0","0","0","10","0","","","","","","","","","0","0","0","0","0","0","","","","","0","","0","","0","","0","","","0","0","","0","","0","","0",""
"","","GHP2014TON-PT02","","","","","","","","","GHP2014TON-PT02-00111","","","","1","1","1","5","9","9","10","2","","","1","3","3","8","2","3","0.1","0.2","13.4","0.3","13.7","6","0.1","0.04","0.05","0.666666667","0.6","0.111111111","0.1","0.033333333","0.03","1.488888889","1.34","16.66666667","2.189781022","90","0.333333333","0.37037037","1","1.111111111","44.66666667","49.62962963","45.66666667","50.74074074"
"","","GHP2014TON-PT02","","","","","","","","","GHP2014TON-PT02-00112","","","","","","0","0","0","0","10","0","","","","","","","","","0","0","0","0","0","0","","","","","0","","0","","0","","0","","","0","0","","0","","0","","0",""
"","","GHP2014TON-PT02","","","","","","","","","GHP2014TON-PT02-00113","","","","","","0","0","6","6","10","0","","","","","","6","2","5","0","0","0.4","0","0.4","0","","","","0","0","0","0","0","0","0.066666667","0.04","","0","60","0","0","0","0","1.333333333","2.222222222","1.333333333","2.222222222"
"","","GHP2014TON-PT02","","","","","","","","","GHP2014TON-PT02-00114","","","","","","0","0","0","0","10","0","","","","","","","","","0","0","0","0","0","0","","","","","0","","0","","0","","0","","","0","0","","0","","0","","0",""
"","","GHP2014TON-PT02","","","","","","","","","GHP2014TON-PT02-00115","","","","","","0","0","4","4","10","0","","","","","","2","7","9","0","0","0.2","0","0.2","0","","","","0","0","0","0","0","0","0.05","0.02","","0","40","0","0","0","0","0.666666667","1.666666667","0.666666667","1.666666667"
"","","GHP2014TON-PT02","","","","","","","","","GHP2014TON-PT02-00116","","","","1","1","18","28","10","10","10","10","8","7","3","5","5","2","6","8","2.1","1","6.4","3.1","9.5","46","0.116666667","0.035714286","0.067391304","4.6","4.6","1.8","1.8","0.31","0.31","0.64","0.64","39.13043478","32.63157895","100","7","7","10.33333333","10.33333333","21.33333333","21.33333333","31.66666667","31.66666667"
"","","GHP2014TON-PT02","","","","","","","","","GHP2014TON-PT02-00117","","","","2","1","27","23","10","10","10","10","3","3","4","5","6","5","2","5","5.6","0.9","13.8","6.5","20.3","50","0.207407407","0.039130435","0.13","5","5","2.7","2.7","0.65","0.65","1.38","1.38","54","32.01970443","100","18.66666667","18.66666667","21.66666667","21.66666667","46","46","67.66666667","67.66666667"
"","","GHP2014TON-PT02","","","","","","","","","GHP2014TON-PT02-00118","","","","","","0","0","10","10","10","0","","","","","","3","8","7","0","0","3.4","0","3.4","0","","","","0","0","0","0","0","0","0.34","0.34","","0","100","0","0","0","0","11.33333333","11.33333333","11.33333333","11.33333333"
"","","GHP2014TON-PT02","","","","","","","","","GHP2014TON-PT02-00119","","","","1","2","3","0","4","4","10","2","","","4","3","3","2","8","8","0.3","0","1.4","0.3","1.7","3","0.1","","0.1","0.75","0.3","0.75","0.3","0.075","0.03","0.35","0.14","100","17.64705882","40","1","2.5","1","2.5","4.666666667","11.66666667","5.666666667","14.16666667"
"","","GHP2014TON-PT02","","","","","","","","","GHP2014TON-PT02-00012","","","","","","0","0","5","5","10","0","","","","","","5","3","5","0","0","4.8","0","4.8","0","","","","0","0","0","0","0","0","0.96","0.48","","0","50","0","0","0","0","16","32","16","32"
"","","GHP2014TON-PT02","","","","","","","","","GHP2014TON-PT02-00120","","","","4","5","26","33","10","10","10","8","","","7","5","9","6","1","4","7.7","3.6","5.8","11.3","17.1","59","0.296153846","0.109090909","0.191525424","5.9","5.9","2.6","2.6","1.13","1.13","0.58","0.58","44.06779661","66.08187135","100","25.66666667","25.66666667","37.66666667","37.66666667","19.33333333","19.33333333","57","57"
"","","GHP2014TON-PT02","","","","","","","","","GHP2014TON-PT02-00121","","","","1","1","5","3","3","3","10","2","5","8","1","4","6","3","5","8","2.1","0.2","7.2","2.3","9.5","8","0.42","0.066666667","0.2875","2.666666667","0.8","1.666666667","0.5","0.766666667","0.23","2.4","0.72","62.5","24.21052632","30","7","23.33333333","7.666666667","25.55555556","24","80","31.66666667","105.5555556"
"","","GHP2014TON-PT02","","","","","","","","","GHP2014TON-PT02-00122","","","","1","1","30","40","10","10","10","9","5","6","1","5","4","6","1","4","2.9","1.5","7","4.4","11.4","70","0.096666667","0.0375","0.062857143","7","7","3","3","0.44","0.44","0.7","0.7","42.85714286","38.59649123","100","9.666666667","9.666666667","14.66666667","14.66666667","23.33333333","23.33333333","38","38"
"","","GHP2014TON-PT02","","","","","","","","","GHP2014TON-PT02-00123","","","","1","1","3","10","9","9","10","2","","","1","2","3","7","1","4","0.7","0.3","11.2","1","12.2","13","0.233333333","0.03","0.076923077","1.444444444","1.3","0.333333333","0.3","0.111111111","0.1","1.244444444","1.12","23.07692308","8.196721311","90","2.333333333","2.592592593","3.333333333","3.703703704","37.33333333","41.48148148","40.66666667","45.18518519"
"","","GHP2014TON-PT02","","","","","","","","","GHP2014TON-PT02-00124","","","","1","1","1","4","9","9","10","2","","","3","2","2","6","3","4","0.1","0.2","8.2","0.3","8.5","5","0.1","0.05","0.06","0.555555556","0.5","0.111111111","0.1","0.033333333","0.03","0.911111111","0.82","20","3.529411765","90","0.333333333","0.37037037","1","1.111111111","27.33333333","30.37037037","28.33333333","31.48148148"
"","","GHP2014TON-PT02","","","","","","","","","GHP2014TON-PT02-00125","","","","1","1","5","0","3","3","10","3","","","2","3","3","3","8","7","0.5","0","1.4","0.5","1.9","5","0.1","","0.1","1.666666667","0.5","1.666666667","0.5","0.166666667","0.05","0.466666667","0.14","100","26.31578947","30","1.666666667","5.555555556","1.666666667","5.555555556","4.666666667","15.55555556","6.333333333","21.11111111"
"","","GHP2014TON-PT02","","","","","","","","","GHP2014TON-PT02-00126","","","","","","0","0","4","4","10","0","","","","","","2","8","8","0","0","2","0","2","0","","","","0","0","0","0","0","0","0.5","0.2","","0","40","0","0","0","0","6.666666667","16.66666667","6.666666667","16.66666667"
"","","GHP2014TON-PT02","","","","","","","","","GHP2014TON-PT02-00127","","","","","","0","0","10","10","10","0","","","","","","7","2","3","0","0","16.4","0","16.4","0","","","","0","0","0","0","0","0","1.64","1.64","","0","100","0","0","0","0","54.66666667","54.66666667","54.66666667","54.66666667"
"","","GHP2014TON-PT02","","","","","","","","","GHP2014TON-PT02-00128","","","","","","0","0","3","3","10","0","","","","","","3","8","8","0","0","1.4","0","1.4","0","","","","0","0","0","0","0","0","0.466666667","0.14","","0","30","0","0","0","0","4.666666667","15.55555556","4.666666667","15.55555556"
"","","GHP2014TON-PT02","","","","","","","","","GHP2014TON-PT02-00129","","","","3","1","12","3","7","7","10","7","5","8","1","5","4","2","8","8","1","0.1","1.8","1.1","2.9","15","0.083333333","0.033333333","0.073333333","2.142857143","1.5","1.714285714","1.2","0.157142857","0.11","0.257142857","0.18","80","37.93103448","70","3.333333333","4.761904762","3.666666667","5.238095238","6","8.571428571","9.666666667","13.80952381"
"","","GHP2014TON-PT02","","","","","","","","","GHP2014TON-PT02-00013","","","","3","1","0","15","8","8","10","2","","","1","2","2","5","1","3","0","0.4","6.8","0.4","7.2","15","","0.026666667","0.026666667","1.875","1.5","0","0","0.05","0.04","0.85","0.68","0","5.555555556","80","0","0","1.333333333","1.666666667","22.66666667","28.33333333","24","30"
"","","GHP2014TON-PT02","","","","","","","","","GHP2014TON-PT02-00130","","","","","","0","0","0","0","10","0","","","","","","","","","0","0","0","0","0","0","","","","","0","","0","","0","","0","","","0","0","","0","","0","","0",""
"","","GHP2014TON-PT02","","","","","","","","","GHP2014TON-PT02-00131","","","","1","1","6","10","10","10","10","5","","","1","3","3","8","3","3","0.7","0.6","14.8","1.3","16.1","16","0.116666667","0.06","0.08125","1.6","1.6","0.6","0.6","0.13","0.13","1.48","1.48","37.5","8.074534161","100","2.333333333","2.333333333","4.333333333","4.333333333","49.33333333","49.33333333","53.66666667","53.66666667"
"","","GHP2014TON-PT02","","","","","","","","","GHP2014TON-PT02-00132","","","","","","0","0","10","10","10","0","","","","","","6","2","5","0","0","12.6","0","12.6","0","","","","0","0","0","0","0","0","1.26","1.26","","0","100","0","0","0","0","42","42","42","42"
"","","GHP2014TON-PT02","","","","","","","","","GHP2014TON-PT02-00133","","","","1","1","2","3","10","10","10","2","","","1","3","4","6","1","5","0.3","0.1","4","0.4","4.4","5","0.15","0.033333333","0.08","0.5","0.5","0.2","0.2","0.04","0.04","0.4","0.4","40","9.090909091","100","1","1","1.333333333","1.333333333","13.33333333","13.33333333","14.66666667","14.66666667"
"","","GHP2014TON-PT02","","","","","","","","","GHP2014TON-PT02-00134","","","","1","1","2","3","9","9","10","2","","","1","3","3","5","3","5","0.2","0.1","8.8","0.3","9.1","5","0.1","0.033333333","0.06","0.555555556","0.5","0.222222222","0.2","0.033333333","0.03","0.977777778","0.88","40","3.296703297","90","0.666666667","0.740740741","1","1.111111111","29.33333333","32.59259259","30.33333333","33.7037037"
"","","GHP2014TON-PT02","","","","","","","","","GHP2014TON-PT02-00135","","","","","","0","0","10","10","10","0","","","","","","7","1","5","0","0","6.4","0","6.4","0","","","","0","0","0","0","0","0","0.64","0.64","","0","100","0","0","0","0","21.33333333","21.33333333","21.33333333","21.33333333"
"","","GHP2014TON-PT02","","","","","","","","","GHP2014TON-PT02-00136","","","","1","1","11","17","7","7","10","3","","","1","4","4","5","1","6","1.1","0.7","4.2","1.8","6","28","0.1","0.041176471","0.064285714","4","2.8","1.571428571","1.1","0.257142857","0.18","0.6","0.42","39.28571429","30","70","3.666666667","5.238095238","6","8.571428571","14","20","20","28.57142857"
"","","GHP2014TON-PT02","","","","","","","","","GHP2014TON-PT02-00137","","","","","","0","0","","","10","0","","","","","","","","","0","0","0.2","0","0.2","0","","","","","0","","0","","0","","0.02","","0","","0","","0","","0.666666667","","0.666666667",""
"","","GHP2014TON-PT02","","","","","","","","","GHP2014TON-PT02-00138","","","","","","0","0","10","10","10","0","","","","","","6","3","5","0","0","7.6","0","7.6","0","","","","0","0","0","0","0","0","0.76","0.76","","0","100","0","0","0","0","25.33333333","25.33333333","25.33333333","25.33333333"
"","","GHP2014TON-PT02","","","","","","","","","GHP2014TON-PT02-00139","","","","","","0","0","3","3","10","0","","","","","","1","9","9","0","0","0.4","0","0.4","0","","","","0","0","0","0","0","0","0.133333333","0.04","","0","30","0","0","0","0","1.333333333","4.444444444","1.333333333","4.444444444"
"","","GHP2014TON-PT02","","","","","","","","","GHP2014TON-PT02-00014","","","","2","1","19","10","10","10","10","8","8","6","2","4","6","7","1","4","3.8","0.4","3.4","4.2","7.6","29","0.2","0.04","0.144827586","2.9","2.9","1.9","1.9","0.42","0.42","0.34","0.34","65.51724138","55.26315789","100","12.66666667","12.66666667","14","14","11.33333333","11.33333333","25.33333333","25.33333333"
"","","GHP2014TON-PT02","","","","","","","","","GHP2014TON-PT02-00140","","","","3","1","4","9","10","10","10","4","","","3","4","4","3","2","7","0.5","0.3","2.4","0.8","3.2","13","0.125","0.033333333","0.061538462","1.3","1.3","0.4","0.4","0.08","0.08","0.24","0.24","30.76923077","25","100","1.666666667","1.666666667","2.666666667","2.666666667","8","8","10.66666667","10.66666667"
"","","GHP2014TON-PT02","","","","","","","","","GHP2014TON-PT02-00141","","","","1","1","3","4","10","10","10","3","","","1","3","3","8","1","4","0.4","0.2","7.8","0.6","8.4","7","0.133333333","0.05","0.085714286","0.7","0.7","0.3","0.3","0.06","0.06","0.78","0.78","42.85714286","7.142857143","100","1.333333333","1.333333333","2","2","26","26","28","28"
"","","GHP2014TON-PT02","","","","","","","","","GHP2014TON-PT02-00142","","","","1","1","21","51","9","9","10","9","4","8","2","3","4","7","1","4","2.3","2.5","4.6","4.8","9.4","72","0.10952381","0.049019608","0.066666667","8","7.2","2.333333333","2.1","0.533333333","0.48","0.511111111","0.46","29.16666667","51.06382979","90","7.666666667","8.518518519","16","17.77777778","15.33333333","17.03703704","31.33333333","34.81481481"
"","","GHP2014TON-PT02","","","","","","","","","GHP2014TON-PT02-00143","","","","3","1","6","2","7","7","10","5","5","3","3","5","4","1","8","8","1.2","0.1","1.2","1.3","2.5","8","0.2","0.05","0.1625","1.142857143","0.8","0.857142857","0.6","0.185714286","0.13","0.171428571","0.12","75","52","70","4","5.714285714","4.333333333","6.19047619","4","5.714285714","8.333333333","11.9047619"
"","","GHP2014TON-PT02","","","","","","","","","GHP2014TON-PT02-00144","","","","1","1","5","8","7","7","10","4","","","1","3","4","9","1","3","0.5","0.3","11.8","0.8","12.6","13","0.1","0.0375","0.061538462","1.857142857","1.3","0.714285714","0.5","0.114285714","0.08","1.685714286","1.18","38.46153846","6.349206349","70","1.666666667","2.380952381","2.666666667","3.80952381","39.33333333","56.19047619","42","60"
"","","GHP2014TON-PT02","","","","","","","","","GHP2014TON-PT02-00145","","","","1","3","21","8","9","9","10","9","6","","3","6","7","6","1","5","4.3","0.4","7.2","4.7","11.9","29","0.204761905","0.05","0.162068966","3.222222222","2.9","2.333333333","2.1","0.522222222","0.47","0.8","0.72","72.4137931","39.49579832","90","14.33333333","15.92592593","15.66666667","17.40740741","24","26.66666667","39.66666667","44.07407407"
"","","GHP2014TON-PT02","","","","","","","","","GHP2014TON-PT02-00146","","","","","","0","0","7","7","10","0","","","","","","7","5","5","0","0","8.4","0","8.4","0","","","","0","0","0","0","0","0","1.2","0.84","","0","70","0","0","0","0","28","40","28","40"
"","","GHP2014TON-PT02","","","","","","","","","GHP2014TON-PT02-00147","","","","1","1","14","16","6","6","10","4","5","8","1","4","4","6","4","6","1.4","0.5","11.4","1.9","13.3","30","0.1","0.03125","0.063333333","5","3","2.333333333","1.4","0.316666667","0.19","1.9","1.14","46.66666667","14.28571429","60","4.666666667","7.777777778","6.333333333","10.55555556","38","63.33333333","44.33333333","73.88888889"
"","","GHP2014TON-PT02","","","","","","","","","GHP2014TON-PT02-00148","","","","4","3","7","8","7","7","10","4","","","5","3","9","7","6","5","5.9","1.2","8","7.1","15.1","15","0.842857143","0.15","0.473333333","2.142857143","1.5","1","0.7","1.014285714","0.71","1.142857143","0.8","46.66666667","47.01986755","70","19.66666667","28.0952381","23.66666667","33.80952381","26.66666667","38.0952381","50.33333333","71.9047619"
"","","GHP2014TON-PT02","","","","","","","","","GHP2014TON-PT02-00149","","","","1","3","23","22","10","10","10","10","8","","5","5","8","9","1","2","8.3","2.8","6.6","11.1","17.7","45","0.360869565","0.127272727","0.246666667","4.5","4.5","2.3","2.3","1.11","1.11","0.66","0.66","51.11111111","62.71186441","100","27.66666667","27.66666667","37","37","22","22","59","59"
"","","GHP2014TON-PT02","","","","","","","","","GHP2014TON-PT02-00015","","","","1","1","7","17","8","8","10","4","5","8","1","3","4","5","3","6","0.8","0.6","7.8","1.4","9.2","24","0.114285714","0.035294118","0.058333333","3","2.4","0.875","0.7","0.175","0.14","0.975","0.78","29.16666667","15.2173913","80","2.666666667","3.333333333","4.666666667","5.833333333","26","32.5","30.66666667","38.33333333"
"","","GHP2014TON-PT02","","","","","","","","","GHP2014TON-PT02-00150","","","","1","1","6","0","5","5","10","1","","","3","3","4","8","3","3","0.6","0","5.4","0.6","6","6","0.1","","0.1","1.2","0.6","1.2","0.6","0.12","0.06","1.08","0.54","100","10","50","2","4","2","4","18","36","20","40"
"","","GHP2014TON-PT02","","","","","","","","","GHP2014TON-PT02-00151","","","","1","1","20","35","8","8","10","6","5","","5","5","7","7","2","3","3.9","1.9","7.2","5.8","13","55","0.195","0.054285714","0.105454545","6.875","5.5","2.5","2","0.725","0.58","0.9","0.72","36.36363636","44.61538462","80","13","16.25","19.33333333","24.16666667","24","30","43.33333333","54.16666667"
"","","GHP2014TON-PT02","","","","","","","","","GHP2014TON-PT02-00152","","","","1","1","0","3","5","5","10","1","","","1","2","2","6","4","4","0","0.1","5.6","0.1","5.7","3","","0.033333333","0.033333333","0.6","0.3","0","0","0.02","0.01","1.12","0.56","0","1.754385965","50","0","0","0.333333333","0.666666667","18.66666667","37.33333333","19","38"
"","","GHP2014TON-PT02","","","","","","","","","GHP2014TON-PT02-00153","","","","","","0","0","0","0","10","0","","","","","","","","","0","0","0","0","0","0","","","","","0","","0","","0","","0","","","0","0","","0","","0","","0",""
"","","GHP2014TON-PT02","","","","","","","","","GHP2014TON-PT02-00154","","","","","","0","0","7","7","10","0","","","","","","5","1","5","0","0","5.6","0","5.6","0","","","","0","0","0","0","0","0","0.8","0.56","","0","70","0","0","0","0","18.66666667","26.66666667","18.66666667","26.66666667"
"","","GHP2014TON-PT02","","","","","","","","","GHP2014TON-PT02-00155","","","","1","1","9","5","9","9","10","2","3","8","3","4","6","6","2","4","2.5","0.5","9.4","3","12.4","14","0.277777778","0.1","0.214285714","1.555555556","1.4","1","0.9","0.333333333","0.3","1.044444444","0.94","64.28571429","24.19354839","90","8.333333333","9.259259259","10","11.11111111","31.33333333","34.81481481","41.33333333","45.92592593"
"","","GHP2014TON-PT02","","","","","","","","","GHP2014TON-PT02-00156","","","","1","1","5","22","10","10","10","2","","","1","3","3","6","2","4","0.7","0.9","13.4","1.6","15","27","0.14","0.040909091","0.059259259","2.7","2.7","0.5","0.5","0.16","0.16","1.34","1.34","18.51851852","10.66666667","100","2.333333333","2.333333333","5.333333333","5.333333333","44.66666667","44.66666667","50","50"
"","","GHP2014TON-PT02","","","","","","","","","GHP2014TON-PT02-00157","","","","","","0","0","4","4","10","0","","","","","","4","8","6","0","0","3","0","3","0","","","","0","0","0","0","0","0","0.75","0.3","","0","40","0","0","0","0","10","25","10","25"
"","","GHP2014TON-PT02","","","","","","","","","GHP2014TON-PT02-00158","","","","","","0","0","4","4","10","0","","","","","","1","9","9","0","0","0.2","0","0.2","0","","","","0","0","0","0","0","0","0.05","0.02","","0","40","0","0","0","0","0.666666667","1.666666667","0.666666667","1.666666667"
"","","GHP2014TON-PT02","","","","","","","","","GHP2014TON-PT02-00159","","","","1","1","20","13","9","9","10","9","3","","1","5","6","4","2","7","3.6","0.6","5.8","4.2","10","33","0.18","0.046153846","0.127272727","3.666666667","3.3","2.222222222","2","0.466666667","0.42","0.644444444","0.58","60.60606061","42","90","12","13.33333333","14","15.55555556","19.33333333","21.48148148","33.33333333","37.03703704"
"","","GHP2014TON-PT02","","","","","","","","","GHP2014TON-PT02-00016","","","","1","1","2","0","5","5","10","1","","","2","2","3","6","2","5","0.3","0","5.4","0.3","5.7","2","0.15","","0.15","0.4","0.2","0.4","0.2","0.06","0.03","1.08","0.54","100","5.263157895","50","1","2","1","2","18","36","19","38"
"","","GHP2014TON-PT02","","","","","","","","","GHP2014TON-PT02-00160","","","","1","2","72","90","10","10","10","10","7","6","2","6","6","6","1","5","9.3","4.2","9.8","13.5","23.3","162","0.129166667","0.046666667","0.083333333","16.2","16.2","7.2","7.2","1.35","1.35","0.98","0.98","44.44444444","57.93991416","100","31","31","45","45","32.66666667","32.66666667","77.66666667","77.66666667"
"","","GHP2014TON-PT02","","","","","","","","","GHP2014TON-PT02-00161","","","","","","0","0","3","3","10","0","","","","","","1","9","9","0","0","1","0","1","0","","","","0","0","0","0","0","0","0.333333333","0.1","","0","30","0","0","0","0","3.333333333","11.11111111","3.333333333","11.11111111"
"","","GHP2014TON-PT02","","","","","","","","","GHP2014TON-PT02-00162","","","","","","0","0","2","2","10","0","","","","","","1","9","9","0","0","0.2","0","0.2","0","","","","0","0","0","0","0","0","0.1","0.02","","0","20","0","0","0","0","0.666666667","3.333333333","0.666666667","3.333333333"
"","","GHP2014TON-PT02","","","","","","","","","GHP2014TON-PT02-00163","","","","1","1","4","3","6","6","10","2","","","2","3","4","5","1","4","1.1","0.2","8.8","1.3","10.1","7","0.275","0.066666667","0.185714286","1.166666667","0.7","0.666666667","0.4","0.216666667","0.13","1.466666667","0.88","57.14285714","12.87128713","60","3.666666667","6.111111111","4.333333333","7.222222222","29.33333333","48.88888889","33.66666667","56.11111111"
"","","GHP2014TON-PT02","","","","","","","","","GHP2014TON-PT02-00164","","","","3","3","11","19","10","10","10","10","","","5","4","5","7","1","3","1.8","1.1","7","2.9","9.9","30","0.163636364","0.057894737","0.096666667","3","3","1.1","1.1","0.29","0.29","0.7","0.7","36.66666667","29.29292929","100","6","6","9.666666667","9.666666667","23.33333333","23.33333333","33","33"
"","","GHP2014TON-PT02","","","","","","","","","GHP2014TON-PT02-00165","","","","","","0","0","3","3","10","0","","","","","","7","1","3","0","0","1.4","0","1.4","0","","","","0","0","0","0","0","0","0.466666667","0.14","","0","30","0","0","0","0","4.666666667","15.55555556","4.666666667","15.55555556"
"","","GHP2014TON-PT02","","","","","","","","","GHP2014TON-PT02-00166","","","","","","0","0","7","7","10","0","","","","","","3","3","7","0","0","1.8","0","1.8","0","","","","0","0","0","0","0","0","0.257142857","0.18","","0","70","0","0","0","0","6","8.571428571","6","8.571428571"
"","","GHP2014TON-PT02","","","","","","","","","GHP2014TON-PT02-00167","","","","1","1","4","5","9","9","10","2","","","1","2","3","7","2","4","0.5","0.2","2.6","0.7","3.3","9","0.125","0.04","0.077777778","1","0.9","0.444444444","0.4","0.077777778","0.07","0.288888889","0.26","44.44444444","21.21212121","90","1.666666667","1.851851852","2.333333333","2.592592593","8.666666667","9.62962963","11","12.22222222"
"","","GHP2014TON-PT02","","","","","","","","","GHP2014TON-PT02-00168","","","","","","0","0","0","0","10","0","","","","","","","","","0","0","0","0","0","0","","","","","0","","0","","0","","0","","","0","0","","0","","0","","0",""
"","","GHP2014TON-PT02","","","","","","","","","GHP2014TON-PT02-00169","","","","","","0","0","1","1","10","0","","","","","","1","1","9","0","0","0.2","0","0.2","0","","","","0","0","0","0","0","0","0.2","0.02","","0","10","0","0","0","0","0.666666667","6.666666667","0.666666667","6.666666667"
"","","GHP2014TON-PT02","","","","","","","","","GHP2014TON-PT02-00017","","","","","","0","0","0","0","10","0","","","","","","","","","0","0","0","0","0","0","","","","","0","","0","","0","","0","","","0","0","","0","","0","","0",""
"","","GHP2014TON-PT02","","","","","","","","","GHP2014TON-PT02-00170","","","","3","1","4","2","4","4","10","2","4","6","3","3","4","4","2","7","0.8","0.2","3.4","1","4.4","6","0.2","0.1","0.166666667","1.5","0.6","1","0.4","0.25","0.1","0.85","0.34","66.66666667","22.72727273","40","2.666666667","6.666666667","3.333333333","8.333333333","11.33333333","28.33333333","14.66666667","36.66666667"
"","","GHP2014TON-PT02","","","","","","","","","GHP2014TON-PT02-00171","","","","","","0","0","0","0","10","0","","","","","","","","","0","0","0","0","0","0","","","","","0","","0","","0","","0","","","0","0","","0","","0","","0",""
"","","GHP2014TON-PT02","","","","","","","","","GHP2014TON-PT02-00172","","","","","","0","0","0","0","10","0","","","","","","","","","0","0","0","0","0","0","","","","","0","","0","","0","","0","","","0","0","","0","","0","","0",""
"","","GHP2014TON-PT02","","","","","","","","","GHP2014TON-PT02-00173","","","","","","0","0","1","1","10","0","","","","","","1","1","9","0","0","0.3","0","0.3","0","","","","0","0","0","0","0","0","0.3","0.03","","0","10","0","0","0","0","1","10","1","10"
"","","GHP2014TON-PT02","","","","","","","","","GHP2014TON-PT02-00174","","","","","","0","0","0","0","10","0","","","","","","","","","0","0","0","0","0","0","","","","","0","","0","","0","","0","","","0","0","","0","","0","","0",""
"","","GHP2014TON-PT02","","","","","","","","","GHP2014TON-PT02-00175","","","","","","0","0","4","4","10","0","","","","","","3","2","7","0","0","1","0","1","0","","","","0","0","0","0","0","0","0.25","0.1","","0","40","0","0","0","0","3.333333333","8.333333333","3.333333333","8.333333333"
"","","GHP2014TON-PT02","","","","","","","","","GHP2014TON-PT02-00176","","","","2","2","10","5","7","7","10","5","","","4","5","6","7","2","6","2.3","0.3","6.4","2.6","9","15","0.23","0.06","0.173333333","2.142857143","1.5","1.428571429","1","0.371428571","0.26","0.914285714","0.64","66.66666667","28.88888889","70","7.666666667","10.95238095","8.666666667","12.38095238","21.33333333","30.47619048","30","42.85714286"
"","","GHP2014TON-PT02","","","","","","","","","GHP2014TON-PT02-00177","","","","","","0","0","0","0","10","0","","","","","","","","","0","0","0","0","0","0","","","","","0","","0","","0","","0","","","0","0","","0","","0","","0",""
"","","GHP2014TON-PT02","","","","","","","","","GHP2014TON-PT02-00178","","","","2","1","4","0","10","10","10","2","","","1","3","3","6","2","5","0.4","0","6.6","0.4","7","4","0.1","","0.1","0.4","0.4","0.4","0.4","0.04","0.04","0.66","0.66","100","5.714285714","100","1.333333333","1.333333333","1.333333333","1.333333333","22","22","23.33333333","23.33333333"
"","","GHP2014TON-PT02","","","","","","","","","GHP2014TON-PT02-00179","","","","2","4","0","2","8","8","10","1","","","5","2","2","4","1","6","0","0.1","1.2","0.1","1.3","2","","0.05","0.05","0.25","0.2","0","0","0.0125","0.01","0.15","0.12","0","7.692307692","80","0","0","0.333333333","0.416666667","4","5","4.333333333","5.416666667"
"","","GHP2014TON-PT02","","","","","","","","","GHP2014TON-PT02-00018","","","","1","3","31","","10","10","10","10","8","6","3","6","6","7","1","6","6.2","1.7","6.2","7.9","14.1","","0.2","","","","","3.1","3.1","0.79","0.79","0.62","0.62","","56.02836879","100","20.66666667","20.66666667","26.33333333","26.33333333","20.66666667","20.66666667","47","47"
"","","GHP2014TON-PT02","","","","","","","","","GHP2014TON-PT02-00180","","","","","","0","0","9","9","10","0","","","","","","6","2","6","0","0","2.6","0","2.6","0","","","","0","0","0","0","0","0","0.288888889","0.26","","0","90","0","0","0","0","8.666666667","9.62962963","8.666666667","9.62962963"
"","","GHP2014TON-PT02","","","","","","","","","GHP2014TON-PT02-00181","","","","","","0","0","10","10","10","0","","","","","","6","1","5","0","0","4","0","4","0","","","","0","0","0","0","0","0","0.4","0.4","","0","100","0","0","0","0","13.33333333","13.33333333","13.33333333","13.33333333"
"","","GHP2014TON-PT02","","","","","","","","","GHP2014TON-PT02-00182","","","","3","2","12","20","7","7","10","7","","","4","4","6","6","1","4","1.9","1.1","5.2","3","8.2","32","0.158333333","0.055","0.09375","4.571428571","3.2","1.714285714","1.2","0.428571429","0.3","0.742857143","0.52","37.5","36.58536585","70","6.333333333","9.047619048","10","14.28571429","17.33333333","24.76190476","27.33333333","39.04761905"
"","","GHP2014TON-PT02","","","","","","","","","GHP2014TON-PT02-00183","","","","3","1","2","0","10","10","10","1","","","1","4","4","8","1","4","0.2","0","10.2","0.2","10.4","2","0.1","","0.1","0.2","0.2","0.2","0.2","0.02","0.02","1.02","1.02","100","1.923076923","100","0.666666667","0.666666667","0.666666667","0.666666667","34","34","34.66666667","34.66666667"
"","","GHP2014TON-PT02","","","","","","","","","GHP2014TON-PT02-00184","","","","1","1","3","3","4","4","10","3","","","1","5","7","4","3","6","1","0.2","3.4","1.2","4.6","6","0.333333333","0.066666667","0.2","1.5","0.6","0.75","0.3","0.3","0.12","0.85","0.34","50","26.08695652","40","3.333333333","8.333333333","4","10","11.33333333","28.33333333","15.33333333","38.33333333"
"","","GHP2014TON-PT02","","","","","","","","","GHP2014TON-PT02-00185","","","","2","1","4","17","9","9","10","6","5","","1","4","3","4","4","7","0.4","0.5","2.8","0.9","3.7","21","0.1","0.029411765","0.042857143","2.333333333","2.1","0.444444444","0.4","0.1","0.09","0.311111111","0.28","19.04761905","24.32432432","90","1.333333333","1.481481481","3","3.333333333","9.333333333","10.37037037","12.33333333","13.7037037"
"","","GHP2014TON-PT02","","","","","","","","","GHP2014TON-PT02-00186","","","","1","1","7","7","9","9","10","7","","","1","4","5","3","4","7","1","0.3","5.4","1.3","6.7","14","0.142857143","0.042857143","0.092857143","1.555555556","1.4","0.777777778","0.7","0.144444444","0.13","0.6","0.54","50","19.40298507","90","3.333333333","3.703703704","4.333333333","4.814814815","18","20","22.33333333","24.81481481"
"","","GHP2014TON-PT02","","","","","","","","","GHP2014TON-PT02-00187","","","","","","0","0","4","4","10","0","","","","","","2","8","8","0","0","3.4","0","3.4","0","","","","0","0","0","0","0","0","0.85","0.34","","0","40","0","0","0","0","11.33333333","28.33333333","11.33333333","28.33333333"
"","","GHP2014TON-PT02","","","","","","","","","GHP2014TON-PT02-00188","","","","","","0","0","1","1","10","0","","","","","","2","9","7","0","0","0.4","0","0.4","0","","","","0","0","0","0","0","0","0.4","0.04","","0","10","0","0","0","0","1.333333333","13.33333333","1.333333333","13.33333333"
"","","GHP2014TON-PT02","","","","","","","","","GHP2014TON-PT02-00189","","","","2","4","6","7","2","2","10","2","","","7","4","6","7","3","5","1.5","0.5","4.8","2","6.8","13","0.25","0.071428571","0.153846154","6.5","1.3","3","0.6","1","0.2","2.4","0.48","46.15384615","29.41176471","20","5","25","6.666666667","33.33333333","16","80","22.66666667","113.3333333"
"","","GHP2014TON-PT02","","","","","","","","","GHP2014TON-PT02-00019","","","","2","1","27","15","10","10","10","10","","","2","5","6","8","1","3","4.7","0.7","7.6","5.4","13","42","0.174074074","0.046666667","0.128571429","4.2","4.2","2.7","2.7","0.54","0.54","0.76","0.76","64.28571429","41.53846154","100","15.66666667","15.66666667","18","18","25.33333333","25.33333333","43.33333333","43.33333333"
"","","GHP2014TON-PT02","","","","","","","","","GHP2014TON-PT02-00190","","","","","","0","0","2","2","10","0","","","","","","3","8","7","0","0","1.6","0","1.6","0","","","","0","0","0","0","0","0","0.8","0.16","","0","20","0","0","0","0","5.333333333","26.66666667","5.333333333","26.66666667"
"","","GHP2014TON-PT02","","","","","","","","","GHP2014TON-PT02-00191","","","","3","2","18","26","10","10","10","7","","","3","4","4","5","2","4","2.2","1","6.8","3.2","10","44","0.122222222","0.038461538","0.072727273","4.4","4.4","1.8","1.8","0.32","0.32","0.68","0.68","40.90909091","32","100","7.333333333","7.333333333","10.66666667","10.66666667","22.66666667","22.66666667","33.33333333","33.33333333"
"","","GHP2014TON-PT02","","","","","","","","","GHP2014TON-PT02-00192","","","","","","0","0","0","0","10","0","","","","","","","","","0","0","0","0","0","0","","","","","0","","0","","0","","0","","","0","0","","0","","0","","0",""
"","","GHP2014TON-PT02","","","","","","","","","GHP2014TON-PT02-00193","","","","1","2","39","27","10","10","10","10","9","9","3","7","7","8","1","3","8.8","1.5","9.6","10.3","19.9","66","0.225641026","0.055555556","0.156060606","6.6","6.6","3.9","3.9","1.03","1.03","0.96","0.96","59.09090909","51.75879397","100","29.33333333","29.33333333","34.33333333","34.33333333","32","32","66.33333333","66.33333333"
"","","GHP2014TON-PT02","","","","","","","","","GHP2014TON-PT02-00194","","","","1","2","7","6","3","3","10","3","","","2","4","4","7","5","5","1","0.2","5.6","1.2","6.8","13","0.142857143","0.033333333","0.092307692","4.333333333","1.3","2.333333333","0.7","0.4","0.12","1.866666667","0.56","53.84615385","17.64705882","30","3.333333333","11.11111111","4","13.33333333","18.66666667","62.22222222","22.66666667","75.55555556"
"","","GHP2014TON-PT02","","","","","","","","","GHP2014TON-PT02-00195","","","","","","0","0","0","0","10","0","","","","","","","","","0","0","0","0","0","0","","","","","0","","0","","0","","0","","","0","0","","0","","0","","0",""
"","","GHP2014TON-PT02","","","","","","","","","GHP2014TON-PT02-00196","","","","","","0","0","1","1","10","0","","","","","","3","9","8","0","0","2.2","0","2.2","0","","","","0","0","0","0","0","0","2.2","0.22","","0","10","0","0","0","0","7.333333333","73.33333333","7.333333333","73.33333333"
"","","GHP2014TON-PT02","","","","","","","","","GHP2014TON-PT02-00197","","","","","","0","0","0","0","10","0","","","","","","","","","0","0","0","0","0","0","","","","","0","","0","","0","","0","","","0","0","","0","","0","","0",""
"","","GHP2014TON-PT02","","","","","","","","","GHP2014TON-PT02-00198","","","","","","0","0","2","2","10","0","","","","","","1","2","9","0","0","0.4","0","0.4","0","","","","0","0","0","0","0","0","0.2","0.04","","0","20","0","0","0","0","1.333333333","6.666666667","1.333333333","6.666666667"
"","","GHP2014TON-PT02","","","","","","","","","GHP2014TON-PT02-00199","","","","2","","0","2","9","9","10","1","","","","","","7","1","4","0","0.1","6.2","0.1","6.3","2","","0.05","0.05","0.222222222","0.2","0","0","0.011111111","0.01","0.688888889","0.62","0","1.587301587","90","0","0","0.333333333","0.37037037","20.66666667","22.96296296","21","23.33333333"
"","","GHP2014TON-PT02","","","","","","","","","GHP2014TON-PT02-00002","","","","","","0","0","2","2","10","0","","","","","","1","9","9","0","0","0.4","0","0.4","0","","","","0","0","0","0","0","0","0.2","0.04","","0","20","0","0","0","0","1.333333333","6.666666667","1.333333333","6.666666667"
"","","GHP2014TON-PT02","","","","","","","","","GHP2014TON-PT02-00020","","","","","","0","0","10","10","10","0","","","","","","2","8","8","0","0","2.4","0","2.4","0","","","","0","0","0","0","0","0","0.24","0.24","","0","100","0","0","0","0","8","8","8","8"
"","","GHP2014TON-PT02","","","","","","","","","GHP2014TON-PT02-00200","","","","","","0","0","10","10","10","0","","","","","","7","2","5","0","0","9.4","0","9.4","0","","","","0","0","0","0","0","0","0.94","0.94","","0","100","0","0","0","0","31.33333333","31.33333333","31.33333333","31.33333333"
"","","GHP2014TON-PT02","","","","","","","","","GHP2014TON-PT02-00201","","","","","","0","0","0","0","10","0","","","","","","","","","0","0","0","0","0","0","","","","","0","","0","","0","","0","","","0","0","","0","","0","","0",""
"","","GHP2014TON-PT02","","","","","","","","","GHP2014TON-PT02-00202","","","","1","1","1","0","3","3","10","1","6","5","1","4","5","3","8","8","0.4","0","1.4","0.4","1.8","1","0.4","","0.4","0.333333333","0.1","0.333333333","0.1","0.133333333","0.04","0.466666667","0.14","100","22.22222222","30","1.333333333","4.444444444","1.333333333","4.444444444","4.666666667","15.55555556","6","20"
"","","GHP2014TON-PT02","","","","","","","","","GHP2014TON-PT02-00203","","","","3","2","3","3","2","2","10","2","6","8","3","3","5","3","4","8","1","0.2","3.8","1.2","5","6","0.333333333","0.066666667","0.2","3","0.6","1.5","0.3","0.6","0.12","1.9","0.38","50","24","20","3.333333333","16.66666667","4","20","12.66666667","63.33333333","16.66666667","83.33333333"
"","","GHP2014TON-PT02","","","","","","","","","GHP2014TON-PT02-00204","","","","","","0","0","7","7","10","0","","","","","","7","2","5","0","0","12.4","0","12.4","0","","","","0","0","0","0","0","0","1.771428571","1.24","","0","70","0","0","0","0","41.33333333","59.04761905","41.33333333","59.04761905"
"","","GHP2014TON-PT02","","","","","","","","","GHP2014TON-PT02-00205","","","","","","0","0","3","3","10","0","","","","","","4","3","7","0","0","2.8","0","2.8","0","","","","0","0","0","0","0","0","0.933333333","0.28","","0","30","0","0","0","0","9.333333333","31.11111111","9.333333333","31.11111111"
"","","GHP2014TON-PT02","","","","","","","","","GHP2014TON-PT02-00206","","","","","","0","0","2","2","10","0","","","","","","1","8","9","0","0","0.2","0","0.2","0","","","","0","0","0","0","0","0","0.1","0.02","","0","20","0","0","0","0","0.666666667","3.333333333","0.666666667","3.333333333"
"","","GHP2014TON-PT02","","","","","","","","","GHP2014TON-PT02-00207","","","","2","1","7","11","10","10","10","7","","","1","4","4","7","1","5","0.6","0.5","5.4","1.1","6.5","18","0.085714286","0.045454545","0.061111111","1.8","1.8","0.7","0.7","0.11","0.11","0.54","0.54","38.88888889","16.92307692","100","2","2","3.666666667","3.666666667","18","18","21.66666667","21.66666667"
"","","GHP2014TON-PT02","","","","","","","","","GHP2014TON-PT02-00208","","","","","","0","0","6","6","10","0","","","","","","7","3","5","0","0","6.2","0","6.2","0","","","","0","0","0","0","0","0","1.033333333","0.62","","0","60","0","0","0","0","20.66666667","34.44444444","20.66666667","34.44444444"
"","","GHP2014TON-PT02","","","","","","","","","GHP2014TON-PT02-00209","","","","1","1","8","10","8","8","10","5","","","2","4","6","4","4","7","2.3","0.7","6.2","3","9.2","18","0.2875","0.07","0.166666667","2.25","1.8","1","0.8","0.375","0.3","0.775","0.62","44.44444444","32.60869565","80","7.666666667","9.583333333","10","12.5","20.66666667","25.83333333","30.66666667","38.33333333"
"","","GHP2014TON-PT02","","","","","","","","","GHP2014TON-PT02-00021","","","","2","4","12","18","9","9","10","8","","","4","3","4","5","5","5","1.3","1","2.2","2.3","4.5","30","0.108333333","0.055555556","0.076666667","3.333333333","3","1.333333333","1.2","0.255555556","0.23","0.244444444","0.22","40","51.11111111","90","4.333333333","4.814814815","7.666666667","8.518518519","7.333333333","8.148148148","15","16.66666667"
"","","GHP2014TON-PT02","","","","","","","","","GHP2014TON-PT02-00210","","","","2","2","13","15","8","8","10","8","","","5","5","8","7","2","4","4","1.3","4","5.3","9.3","28","0.307692308","0.086666667","0.189285714","3.5","2.8","1.625","1.3","0.6625","0.53","0.5","0.4","46.42857143","56.98924731","80","13.33333333","16.66666667","17.66666667","22.08333333","13.33333333","16.66666667","31","38.75"
"","","GHP2014TON-PT02","","","","","","","","","GHP2014TON-PT02-00211","","","","1","1","6","14","10","10","10","6","","","2","3","5","5","2","6","1.2","0.6","8.4","1.8","10.2","20","0.2","0.042857143","0.09","2","2","0.6","0.6","0.18","0.18","0.84","0.84","30","17.64705882","100","4","4","6","6","28","28","34","34"
"","","GHP2014TON-PT02","","","","","","","","","GHP2014TON-PT02-00212","","","","1","1","14","18","10","10","10","10","","","3","4","4","6","2","5","1.5","1","6.2","2.5","8.7","32","0.107142857","0.055555556","0.078125","3.2","3.2","1.4","1.4","0.25","0.25","0.62","0.62","43.75","28.73563218","100","5","5","8.333333333","8.333333333","20.66666667","20.66666667","29","29"
"","","GHP2014TON-PT02","","","","","","","","","GHP2014TON-PT02-00213","","","","","","0","0","0","0","10","0","","","","","","","","","0","0","0","0","0","0","","","","","0","","0","","0","","0","","","0","0","","0","","0","","0",""
"","","GHP2014TON-PT02","","","","","","","","","GHP2014TON-PT02-00214","","","","1","2","30","48","10","10","10","8","","","4","3","7","7","2","4","6.4","3.7","11.6","10.1","21.7","78","0.213333333","0.077083333","0.129487179","7.8","7.8","3","3","1.01","1.01","1.16","1.16","38.46153846","46.5437788","100","21.33333333","21.33333333","33.66666667","33.66666667","38.66666667","38.66666667","72.33333333","72.33333333"
"","","GHP2014TON-PT02","","","","","","","","","GHP2014TON-PT02-00215","","","","","","0","0","3","3","10","0","","","","","","1","8","9","0","0","0.6","0","0.6","0","","","","0","0","0","0","0","0","0.2","0.06","","0","30","0","0","0","0","2","6.666666667","2","6.666666667"
"","","GHP2014TON-PT02","","","","","","","","","GHP2014TON-PT02-00216","","","","3","1","13","23","7","7","10","7","3","","3","4","5","3","2","7","2","0.7","3.6","2.7","6.3","36","0.153846154","0.030434783","0.075","5.142857143","3.6","1.857142857","1.3","0.385714286","0.27","0.514285714","0.36","36.11111111","42.85714286","70","6.666666667","9.523809524","9","12.85714286","12","17.14285714","21","30"
"","","GHP2014TON-PT02","","","","","","","","","GHP2014TON-PT02-00217","","","","1","1","13","4","5","5","10","3","1","8","1","4","5","5","3","5","2.7","0.1","4.8","2.8","7.6","17","0.207692308","0.025","0.164705882","3.4","1.7","2.6","1.3","0.56","0.28","0.96","0.48","76.47058824","36.84210526","50","9","18","9.333333333","18.66666667","16","32","25.33333333","50.66666667"
"","","GHP2014TON-PT02","","","","","","","","","GHP2014TON-PT02-00218","","","","2","1","3","2","2","2","10","3","","","2","2","2","3","8","8","0.2","0.1","0.6","0.3","0.9","5","0.066666667","0.05","0.06","2.5","0.5","1.5","0.3","0.15","0.03","0.3","0.06","60","33.33333333","20","0.666666667","3.333333333","1","5","2","10","3","15"
"","","GHP2014TON-PT02","","","","","","","","","GHP2014TON-PT02-00219","","","","2","3","20","26","10","10","10","10","","","6","4","5","6","1","5","3","1.8","3.2","4.8","8","46","0.15","0.069230769","0.104347826","4.6","4.6","2","2","0.48","0.48","0.32","0.32","43.47826087","60","100","10","10","16","16","10.66666667","10.66666667","26.66666667","26.66666667"
"","","GHP2014TON-PT02","","","","","","","","","GHP2014TON-PT02-00022","","","","","","0","0","1","1","10","0","","","","","","2","9","8","0","0","0.4","0","0.4","0","","","","0","0","0","0","0","0","0.4","0.04","","0","10","0","0","0","0","1.333333333","13.33333333","1.333333333","13.33333333"
"","","GHP2014TON-PT02","","","","","","","","","GHP2014TON-PT02-00220","","","","1","1","3","10","8","8","10","7","8","7","1","5","3","3","7","8","0.3","0.4","5.8","0.7","6.5","13","0.1","0.04","0.053846154","1.625","1.3","0.375","0.3","0.0875","0.07","0.725","0.58","23.07692308","10.76923077","80","1","1.25","2.333333333","2.916666667","19.33333333","24.16666667","21.66666667","27.08333333"
"","","GHP2014TON-PT02","","","","","","","","","GHP2014TON-PT02-00221","","","","","","0","0","5","5","10","0","","","","","","3","4","7","0","0","4","0","4","0","","","","0","0","0","0","0","0","0.8","0.4","","0","50","0","0","0","0","13.33333333","26.66666667","13.33333333","26.66666667"
"","","GHP2014TON-PT02","","","","","","","","","GHP2014TON-PT02-00222","","","","2","2","2","1","2","2","10","2","8","","4","4","4","3","1","7","0.5","0.1","1","0.6","1.6","3","0.25","0.1","0.2","1.5","0.3","1","0.2","0.3","0.06","0.5","0.1","66.66666667","37.5","20","1.666666667","8.333333333","2","10","3.333333333","16.66666667","5.333333333","26.66666667"
"","","GHP2014TON-PT02","","","","","","","","","GHP2014TON-PT02-00223","","","","","","0","0","0","0","10","0","","","","","","","","","0","0","0","0","0","0","","","","","0","","0","","0","","0","","","0","0","","0","","0","","0",""
"","","GHP2014TON-PT02","","","","","","","","","GHP2014TON-PT02-00224","","","","4","1","2","0","4","4","10","2","","","5","3","2","3","7","7","0.2","0","3.8","0.2","4","2","0.1","","0.1","0.5","0.2","0.5","0.2","0.05","0.02","0.95","0.38","100","5","40","0.666666667","1.666666667","0.666666667","1.666666667","12.66666667","31.66666667","13.33333333","33.33333333"
"","","GHP2014TON-PT02","","","","","","","","","GHP2014TON-PT02-00225","","","","","","0","0","0","0","10","0","","","","","","","","","0","0","0","0","0","0","","","","","0","","0","","0","","0","","","0","0","","0","","0","","0",""
"","","GHP2014TON-PT02","","","","","","","","","GHP2014TON-PT02-00226","","","","","","0","0","3","3","10","0","","","","","","2","7","8","0","0","1.2","0","1.2","0","","","","0","0","0","0","0","0","0.4","0.12","","0","30","0","0","0","0","4","13.33333333","4","13.33333333"
"","","GHP2014TON-PT02","","","","","","","","","GHP2014TON-PT02-00227","","","","1","1","0","12","5","5","10","5","","","1","4","2","2","7","8","0","0.4","0.6","0.4","1","12","","0.033333333","0.033333333","2.4","1.2","0","0","0.08","0.04","0.12","0.06","0","40","50","0","0","1.333333333","2.666666667","2","4","3.333333333","6.666666667"
"","","GHP2014TON-PT02","","","","","","","","","GHP2014TON-PT02-00228","","","","","","0","0","3","3","10","0","","","","","","1","9","9","0","0","0.4","0","0.4","0","","","","0","0","0","0","0","0","0.133333333","0.04","","0","30","0","0","0","0","1.333333333","4.444444444","1.333333333","4.444444444"
"","","GHP2014TON-PT02","","","","","","","","","GHP2014TON-PT02-00229","","","","1","1","0","6","7","7","10","3","","","1","2","3","3","8","8","0","0.2","1","0.2","1.2","6","","0.033333333","0.033333333","0.857142857","0.6","0","0","0.028571429","0.02","0.142857143","0.1","0","16.66666667","70","0","0","0.666666667","0.952380952","3.333333333","4.761904762","4","5.714285714"
"","","GHP2014TON-PT02","","","","","","","","","GHP2014TON-PT02-00023","","","","1","4","13","13","10","10","10","10","5","","5","3","4","5","2","6","2.1","0.8","3.8","2.9","6.7","26","0.161538462","0.061538462","0.111538462","2.6","2.6","1.3","1.3","0.29","0.29","0.38","0.38","50","43.28358209","100","7","7","9.666666667","9.666666667","12.66666667","12.66666667","22.33333333","22.33333333"
"","","GHP2014TON-PT02","","","","","","","","","GHP2014TON-PT02-00230","","","","1","1","0","15","10","10","10","2","","","2","2","2","5","2","6","0","0.6","9.4","0.6","10","15","","0.04","0.04","1.5","1.5","0","0","0.06","0.06","0.94","0.94","0","6","100","0","0","2","2","31.33333333","31.33333333","33.33333333","33.33333333"
"","","GHP2014TON-PT02","","","","","","","","","GHP2014TON-PT02-00231","","","","3","2","4","8","4","4","10","4","","","4","2","3","3","6","7","0.3","0.3","2","0.6","2.6","12","0.075","0.0375","0.05","3","1.2","1","0.4","0.15","0.06","0.5","0.2","33.33333333","23.07692308","40","1","2.5","2","5","6.666666667","16.66666667","8.666666667","21.66666667"
"","","GHP2014TON-PT02","","","","","","","","","GHP2014TON-PT02-00232","","","","","","0","0","0","0","10","0","","","","","","","","","0","0","0","0","0","0","","","","","0","","0","","0","","0","","","0","0","","0","","0","","0",""
"","","GHP2014TON-PT02","","","","","","","","","GHP2014TON-PT02-00233","","","","","","0","0","6","6","10","0","","","","","","8","1","3","0","0","9.8","0","9.8","0","","","","0","0","0","0","0","0","1.633333333","0.98","","0","60","0","0","0","0","32.66666667","54.44444444","32.66666667","54.44444444"
"","","GHP2014TON-PT02","","","","","","","","","GHP2014TON-PT02-00234","","","","1","1","5","5","7","7","10","4","","","3","3","7","7","3","4","1.9","1.8","16.4","3.7","20.1","10","0.38","0.36","0.37","1.428571429","1","0.714285714","0.5","0.528571429","0.37","2.342857143","1.64","50","18.4079602","70","6.333333333","9.047619048","12.33333333","17.61904762","54.66666667","78.0952381","67","95.71428571"
"","","GHP2014TON-PT02","","","","","","","","","GHP2014TON-PT02-00235","","","","","","0","0","3","3","10","0","","","","","","1","8","9","0","0","2","0","2","0","","","","0","0","0","0","0","0","0.666666667","0.2","","0","30","0","0","0","0","6.666666667","22.22222222","6.666666667","22.22222222"
"","","GHP2014TON-PT02","","","","","","","","","GHP2014TON-PT02-00236","","","","4","4","5","16","10","10","10","10","","","5","4","6","6","2","5","1.7","1.1","2.8","2.8","5.6","21","0.34","0.06875","0.133333333","2.1","2.1","0.5","0.5","0.28","0.28","0.28","0.28","23.80952381","50","100","5.666666667","5.666666667","9.333333333","9.333333333","9.333333333","9.333333333","18.66666667","18.66666667"
"","","GHP2014TON-PT02","","","","","","","","","GHP2014TON-PT02-00237","","","","4","1","2","0","3","3","10","1","","","3","3","4","2","8","8","0.3","0","2.2","0.3","2.5","2","0.15","","0.15","0.666666667","0.2","0.666666667","0.2","0.1","0.03","0.733333333","0.22","100","12","30","1","3.333333333","1","3.333333333","7.333333333","24.44444444","8.333333333","27.77777778"
"","","GHP2014TON-PT02","","","","","","","","","GHP2014TON-PT02-00238","","","","","","0","0","2","2","10","0","","","","","","2","1","8","0","0","1.6","0","1.6","0","","","","0","0","0","0","0","0","0.8","0.16","","0","20","0","0","0","0","5.333333333","26.66666667","5.333333333","26.66666667"
"","","GHP2014TON-PT02","","","","","","","","","GHP2014TON-PT02-00239","","","","3","2","13","30","8","8","10","8","","","4","4","4","3","3","7","1.4","1.3","3.4","2.7","6.1","43","0.107692308","0.043333333","0.062790698","5.375","4.3","1.625","1.3","0.3375","0.27","0.425","0.34","30.23255814","44.26229508","80","4.666666667","5.833333333","9","11.25","11.33333333","14.16666667","20.33333333","25.41666667"
"","","GHP2014TON-PT02","","","","","","","","","GHP2014TON-PT02-00024","","","","2","1","8","5","4","4","10","4","","","2","4","4","7","1","4","1.5","0.3","9.8","1.8","11.6","13","0.1875","0.06","0.138461538","3.25","1.3","2","0.8","0.45","0.18","2.45","0.98","61.53846154","15.51724138","40","5","12.5","6","15","32.66666667","81.66666667","38.66666667","96.66666667"
"","","GHP2014TON-PT02","","","","","","","","","GHP2014TON-PT02-00240","","","","1","2","2","17","10","10","10","5","","","2","4","4","6","1","5","0.5","0.8","2.8","1.3","4.1","19","0.25","0.047058824","0.068421053","1.9","1.9","0.2","0.2","0.13","0.13","0.28","0.28","10.52631579","31.70731707","100","1.666666667","1.666666667","4.333333333","4.333333333","9.333333333","9.333333333","13.66666667","13.66666667"
"","","GHP2014TON-PT02","","","","","","","","","GHP2014TON-PT02-00025","","","","","","0","0","3","3","10","0","","","","","","3","7","7","0","0","2.4","0","2.4","0","","","","0","0","0","0","0","0","0.8","0.24","","0","30","0","0","0","0","8","26.66666667","8","26.66666667"
"","","GHP2014TON-PT02","","","","","","","","","GHP2014TON-PT02-00026","","","","1","1","31","20","10","10","10","10","5","","1","3","6","7","3","4","6.1","1.4","2.6","7.5","10.1","51","0.196774194","0.07","0.147058824","5.1","5.1","3.1","3.1","0.75","0.75","0.26","0.26","60.78431373","74.25742574","100","20.33333333","20.33333333","25","25","8.666666667","8.666666667","33.66666667","33.66666667"
"","","GHP2014TON-PT02","","","","","","","","","GHP2014TON-PT02-00027","","","","2","1","9","11","7","7","10","7","","","1","3","4","6","1","5","1.3","0.5","3.4","1.8","5.2","20","0.144444444","0.045454545","0.09","2.857142857","2","1.285714286","0.9","0.257142857","0.18","0.485714286","0.34","45","34.61538462","70","4.333333333","6.19047619","6","8.571428571","11.33333333","16.19047619","17.33333333","24.76190476"
"","","GHP2014TON-PT02","","","","","","","","","GHP2014TON-PT02-00028","","","","","","0","0","7","7","10","0","","","","","","6","1","4","0","0","0.4","0","0.4","0","","","","0","0","0","0","0","0","0.057142857","0.04","","0","70","0","0","0","0","1.333333333","1.904761905","1.333333333","1.904761905"
"","","GHP2014TON-PT02","","","","","","","","","GHP2014TON-PT02-00029","","","","1","1","0","3","9","9","10","1","","","1","2","2","5","2","5","0","0.2","3.4","0.2","3.6","3","","0.066666667","0.066666667","0.333333333","0.3","0","0","0.022222222","0.02","0.377777778","0.34","0","5.555555556","90","0","0","0.666666667","0.740740741","11.33333333","12.59259259","12","13.33333333"
"","","GHP2014TON-PT02","","","","","","","","","GHP2014TON-PT02-00003","","","","1","1","0","1","2","2","10","1","5","","1","2","2","2","8","8","0","0.1","0.2","0.1","0.3","1","","0.1","0.1","0.5","0.1","0","0","0.05","0.01","0.1","0.02","0","33.33333333","20","0","0","0.333333333","1.666666667","0.666666667","3.333333333","1","5"
"","","GHP2014TON-PT02","","","","","","","","","GHP2014TON-PT02-00030","","","","1","3","20","12","10","10","10","10","","","5","5","5","5","3","5","3.5","0.5","4.8","4","8.8","32","0.175","0.041666667","0.125","3.2","3.2","2","2","0.4","0.4","0.48","0.48","62.5","45.45454545","100","11.66666667","11.66666667","13.33333333","13.33333333","16","16","29.33333333","29.33333333"
"","","GHP2014TON-PT02","","","","","","","","","GHP2014TON-PT02-00031","","","","1","1","0","2","7","7","10","1","","","1","2","2","5","3","5","0","0.1","7.4","0.1","7.5","2","","0.05","0.05","0.285714286","0.2","0","0","0.014285714","0.01","1.057142857","0.74","0","1.333333333","70","0","0","0.333333333","0.476190476","24.66666667","35.23809524","25","35.71428571"
"","","GHP2014TON-PT02","","","","","","","","","GHP2014TON-PT02-00032","","","","1","1","20","14","10","10","10","10","5","6","1","5","6","5","1","5","4.5","0.6","7","5.1","12.1","34","0.225","0.042857143","0.15","3.4","3.4","2","2","0.51","0.51","0.7","0.7","58.82352941","42.14876033","100","15","15","17","17","23.33333333","23.33333333","40.33333333","40.33333333"
"","","GHP2014TON-PT02","","","","","","","","","GHP2014TON-PT02-00033","","","","","","0","0","4","4","10","0","","","","","","2","8","7","0","0","0.4","0","0.4","0","","","","0","0","0","0","0","0","0.1","0.04","","0","40","0","0","0","0","1.333333333","3.333333333","1.333333333","3.333333333"
"","","GHP2014TON-PT02","","","","","","","","","GHP2014TON-PT02-00034","","","","","","0","0","4","4","10","0","","","","","","3","8","8","0","0","2.2","0","2.2","0","","","","0","0","0","0","0","0","0.55","0.22","","0","40","0","0","0","0","7.333333333","18.33333333","7.333333333","18.33333333"
"","","GHP2014TON-PT02","","","","","","","","","GHP2014TON-PT02-00035","","","","3","1","7","12","8","8","10","8","5","","1","3","4","3","8","7","1.1","0.5","2.8","1.6","4.4","19","0.157142857","0.041666667","0.084210526","2.375","1.9","0.875","0.7","0.2","0.16","0.35","0.28","36.84210526","36.36363636","80","3.666666667","4.583333333","5.333333333","6.666666667","9.333333333","11.66666667","14.66666667","18.33333333"
"","","GHP2014TON-PT02","","","","","","","","","GHP2014TON-PT02-00036","","","","","","0","0","6","6","10","0","","","","","","5","4","5","0","0","6.8","0","6.8","0","","","","0","0","0","0","0","0","1.133333333","0.68","","0","60","0","0","0","0","22.66666667","37.77777778","22.66666667","37.77777778"
"","","GHP2014TON-PT02","","","","","","","","","GHP2014TON-PT02-00037","","","","1","1","3","8","6","6","10","2","","","1","3","3","6","3","4","0.3","0.3","9.6","0.6","10.2","11","0.1","0.0375","0.054545455","1.833333333","1.1","0.5","0.3","0.1","0.06","1.6","0.96","27.27272727","5.882352941","60","1","1.666666667","2","3.333333333","32","53.33333333","34","56.66666667"
"","","GHP2014TON-PT02","","","","","","","","","GHP2014TON-PT02-00038","","","","","","0","0","1","1","10","0","","","","","","4","5","8","0","0","4","0","4","0","","","","0","0","0","0","0","0","4","0.4","","0","10","0","0","0","0","13.33333333","133.3333333","13.33333333","133.3333333"
"","","GHP2014TON-PT02","","","","","","","","","GHP2014TON-PT02-00039","","","","","","0","0","0","0","10","0","","","","","","","","","0","0","0","0","0","0","","","","","0","","0","","0","","0","","","0","0","","0","","0","","0",""
"","","GHP2014TON-PT02","","","","","","","","","GHP2014TON-PT02-00004","","","","","","0","0","0","0","10","0","","","","","","","","","0","0","0","0","0","0","","","","","0","","0","","0","","0","","","0","0","","0","","0","","0",""
"","","GHP2014TON-PT02","","","","","","","","","GHP2014TON-PT02-00040","","","","","","0","0","0","0","10","0","","","","","","","","","0","0","0","0","0","0","","","","","0","","0","","0","","0","","","0","0","","0","","0","","0",""
"","","GHP2014TON-PT02","","","","","","","","","GHP2014TON-PT02-00041","","","","1","1","12","16","10","10","10","10","9","","1","5","7","6","1","4","2.3","0.8","5.6","3.1","8.7","28","0.191666667","0.05","0.110714286","2.8","2.8","1.2","1.2","0.31","0.31","0.56","0.56","42.85714286","35.63218391","100","7.666666667","7.666666667","10.33333333","10.33333333","18.66666667","18.66666667","29","29"
"","","GHP2014TON-PT02","","","","","","","","","GHP2014TON-PT02-00042","","","","1","1","3","0","5","5","10","2","7","6","1","3","3","7","1","4","0.4","0","12.2","0.4","12.6","3","0.133333333","","0.133333333","0.6","0.3","0.6","0.3","0.08","0.04","2.44","1.22","100","3.174603175","50","1.333333333","2.666666667","1.333333333","2.666666667","40.66666667","81.33333333","42","84"
"","","GHP2014TON-PT02","","","","","","","","","GHP2014TON-PT02-00043","","","","1","1","4","0","3","3","10","2","","","1","5","5","2","8","8","1.2","0","1.4","1.2","2.6","4","0.3","","0.3","1.333333333","0.4","1.333333333","0.4","0.4","0.12","0.466666667","0.14","100","46.15384615","30","4","13.33333333","4","13.33333333","4.666666667","15.55555556","8.666666667","28.88888889"
"","","GHP2014TON-PT02","","","","","","","","","GHP2014TON-PT02-00044","","","","","","0","0","0","0","10","0","","","","","","","","","0","0","0","0","0","0","","","","","0","","0","","0","","0","","","0","0","","0","","0","","0",""
"","","GHP2014TON-PT02","","","","","","","","","GHP2014TON-PT02-00045","","","","2","1","13","9","9","9","10","9","4","","3","5","4","3","7","7","1.4","0.5","2.2","1.9","4.1","22","0.107692308","0.055555556","0.086363636","2.444444444","2.2","1.444444444","1.3","0.211111111","0.19","0.244444444","0.22","59.09090909","46.34146341","90","4.666666667","5.185185185","6.333333333","7.037037037","7.333333333","8.148148148","13.66666667","15.18518519"
"","","GHP2014TON-PT02","","","","","","","","","GHP2014TON-PT02-00046","","","","","","0","0","2","2","10","0","","","","","","2","8","8","0","0","0.4","0","0.4","0","","","","0","0","0","0","0","0","0.2","0.04","","0","20","0","0","0","0","1.333333333","6.666666667","1.333333333","6.666666667"
"","","GHP2014TON-PT02","","","","","","","","","GHP2014TON-PT02-00047","","","","","","0","0","0","0","10","0","","","","","","","","","0","0","0","0","0","0","","","","","0","","0","","0","","0","","","0","0","","0","","0","","0",""
"","","GHP2014TON-PT02","","","","","","","","","GHP2014TON-PT02-00048","","","","","","0","0","2","2","10","0","","","","","","2","2","8","0","0","7.4","0","7.4","0","","","","0","0","0","0","0","0","3.7","0.74","","0","20","0","0","0","0","24.66666667","123.3333333","24.66666667","123.3333333"
"","","GHP2014TON-PT02","","","","","","","","","GHP2014TON-PT02-00049","","","","","","0","0","10","10","10","0","","","","","","6","3","4","0","0","9.2","0","9.2","0","","","","0","0","0","0","0","0","0.92","0.92","","0","100","0","0","0","0","30.66666667","30.66666667","30.66666667","30.66666667"
"","","GHP2014TON-PT02","","","","","","","","","GHP2014TON-PT02-00005","","","","2","1","5","5","10","10","10","6","","","2","3","4","9","2","3","0.9","0.3","7.2","1.2","8.4","10","0.18","0.06","0.12","1","1","0.5","0.5","0.12","0.12","0.72","0.72","50","14.28571429","100","3","3","4","4","24","24","28","28"
"","","GHP2014TON-PT02","","","","","","","","","GHP2014TON-PT02-00050","","","","","","0","0","0","0","10","0","","","","","","","","","0","0","0","0","0","0","","","","","0","","0","","0","","0","","","0","0","","0","","0","","0",""
"","","GHP2014TON-PT02","","","","","","","","","GHP2014TON-PT02-00051","","","","1","1","10","5","10","10","10","5","3","","1","4","5","7","1","4","1.4","0.3","5.4","1.7","7.1","15","0.14","0.06","0.113333333","1.5","1.5","1","1","0.17","0.17","0.54","0.54","66.66666667","23.94366197","100","4.666666667","4.666666667","5.666666667","5.666666667","18","18","23.66666667","23.66666667"
"","","GHP2014TON-PT02","","","","","","","","","GHP2014TON-PT02-00052","","","","","","0","0","4","4","10","0","","","","","","6","4","5","0","0","5.6","0","5.6","0","","","","0","0","0","0","0","0","1.4","0.56","","0","40","0","0","0","0","18.66666667","46.66666667","18.66666667","46.66666667"
"","","GHP2014TON-PT02","","","","","","","","","GHP2014TON-PT02-00053","","","","1","1","13","18","10","10","10","8","6","5","1","5","6","6","1","4","2.5","0.7","6.4","3.2","9.6","31","0.192307692","0.038888889","0.103225806","3.1","3.1","1.3","1.3","0.32","0.32","0.64","0.64","41.93548387","33.33333333","100","8.333333333","8.333333333","10.66666667","10.66666667","21.33333333","21.33333333","32","32"
"","","GHP2014TON-PT02","","","","","","","","","GHP2014TON-PT02-00054","","","","","","0","0","1","1","10","0","","","","","","1","8","9","0","0","0.4","0","0.4","0","","","","0","0","0","0","0","0","0.4","0.04","","0","10","0","0","0","0","1.333333333","13.33333333","1.333333333","13.33333333"
"","","GHP2014TON-PT02","","","","","","","","","GHP2014TON-PT02-00055","","","","1","1","4","0","7","7","10","2","","","1","2","2","5","1","5","0.2","0","4.2","0.2","4.4","4","0.05","","0.05","0.571428571","0.4","0.571428571","0.4","0.028571429","0.02","0.6","0.42","100","4.545454545","70","0.666666667","0.952380952","0.666666667","0.952380952","14","20","14.66666667","20.95238095"
"","","GHP2014TON-PT02","","","","","","","","","GHP2014TON-PT02-00056","","","","","","0","0","0","0","10","0","","","","","","","","","0","0","0","0","0","0","","","","","0","","0","","0","","0","","","0","0","","0","","0","","0",""
"","","GHP2014TON-PT02","","","","","","","","","GHP2014TON-PT02-00057","","","","","","0","0","6","6","10","0","","","","","","6","4","5","0","0","6.8","0","6.8","0","","","","0","0","0","0","0","0","1.133333333","0.68","","0","60","0","0","0","0","22.66666667","37.77777778","22.66666667","37.77777778"
"","","GHP2014TON-PT02","","","","","","","","","GHP2014TON-PT02-00058","","","","","","0","0","0","0","10","0","","","","","","","","","0","0","0","0","0","0","","","","","0","","0","","0","","0","","","0","0","","0","","0","","0",""
"","","GHP2014TON-PT02","","","","","","","","","GHP2014TON-PT02-00059","","","","2","1","4","8","5","5","10","4","5","8","1","3","2","4","7","7","0.2","0.2","1","0.4","1.4","12","0.05","0.025","0.033333333","2.4","1.2","0.8","0.4","0.08","0.04","0.2","0.1","33.33333333","28.57142857","50","0.666666667","1.333333333","1.333333333","2.666666667","3.333333333","6.666666667","4.666666667","9.333333333"
"","","GHP2014TON-PT02","","","","","","","","","GHP2014TON-PT02-00006","","","","","","0","0","6","6","10","0","","","","","","5","4","6","0","0","9.4","0","9.4","0","","","","0","0","0","0","0","0","1.566666667","0.94","","0","60","0","0","0","0","31.33333333","52.22222222","31.33333333","52.22222222"
"","","GHP2014TON-PT02","","","","","","","","","GHP2014TON-PT02-00060","","","","","","0","0","7","7","10","0","","","","","","6","1","5","0","0","4.8","0","4.8","0","","","","0","0","0","0","0","0","0.685714286","0.48","","0","70","0","0","0","0","16","22.85714286","16","22.85714286"
"","","GHP2014TON-PT02","","","","","","","","","GHP2014TON-PT02-00061","","","","4","1","2","7","10","10","10","6","","","3","4","4","4","3","6","0.2","0.2","1.8","0.4","2.2","9","0.1","0.028571429","0.044444444","0.9","0.9","0.2","0.2","0.04","0.04","0.18","0.18","22.22222222","18.18181818","100","0.666666667","0.666666667","1.333333333","1.333333333","6","6","7.333333333","7.333333333"
"","","GHP2014TON-PT02","","","","","","","","","GHP2014TON-PT02-00062","","","","2","1","8","18","9","9","10","8","","","6","3","4","6","2","5","1.1","0.7","2.8","1.8","4.6","26","0.1375","0.038888889","0.069230769","2.888888889","2.6","0.888888889","0.8","0.2","0.18","0.311111111","0.28","30.76923077","39.13043478","90","3.666666667","4.074074074","6","6.666666667","9.333333333","10.37037037","15.33333333","17.03703704"
"","","GHP2014TON-PT02","","","","","","","","","GHP2014TON-PT02-00063","","","","4","2","8","12","10","10","10","10","","","4","4","5","6","1","5","2","0.5","3","2.5","5.5","20","0.25","0.041666667","0.125","2","2","0.8","0.8","0.25","0.25","0.3","0.3","40","45.45454545","100","6.666666667","6.666666667","8.333333333","8.333333333","10","10","18.33333333","18.33333333"
"","","GHP2014TON-PT02","","","","","","","","","GHP2014TON-PT02-00064","","","","1","1","20","32","8","8","10","7","","","1","4","7","7","3","4","3.1","1.2","7.6","4.3","11.9","52","0.155","0.0375","0.082692308","6.5","5.2","2.5","2","0.5375","0.43","0.95","0.76","38.46153846","36.13445378","80","10.33333333","12.91666667","14.33333333","17.91666667","25.33333333","31.66666667","39.66666667","49.58333333"
"","","GHP2014TON-PT02","","","","","","","","","GHP2014TON-PT02-00065","","","","1","1","11","8","10","10","10","8","","","4","5","5","6","3","5","1.5","0.4","9.8","1.9","11.7","19","0.136363636","0.05","0.1","1.9","1.9","1.1","1.1","0.19","0.19","0.98","0.98","57.89473684","16.23931624","100","5","5","6.333333333","6.333333333","32.66666667","32.66666667","39","39"
"","","GHP2014TON-PT02","","","","","","","","","GHP2014TON-PT02-00066","","","","1","2","2","4","9","9","10","1","","","3","2","3","5","2","6","0.2","0.1","4","0.3","4.3","6","0.1","0.025","0.05","0.666666667","0.6","0.222222222","0.2","0.033333333","0.03","0.444444444","0.4","33.33333333","6.976744186","90","0.666666667","0.740740741","1","1.111111111","13.33333333","14.81481481","14.33333333","15.92592593"
"","","GHP2014TON-PT02","","","","","","","","","GHP2014TON-PT02-00067","","","","1","1","","","8","8","10","1","","","1","3","3","7","1","4","","","13.2","","","","","","","","","","","","","1.65","1.32","","","80","","","","","44","55","",""
"","","GHP2014TON-PT02","","","","","","","","","GHP2014TON-PT02-00068","","","","3","1","4","3","8","8","10","2","1","8","5","4","5","4","6","7","1.1","0.2","6.4","1.3","7.7","7","0.275","0.066666667","0.185714286","0.875","0.7","0.5","0.4","0.1625","0.13","0.8","0.64","57.14285714","16.88311688","80","3.666666667","4.583333333","4.333333333","5.416666667","21.33333333","26.66666667","25.66666667","32.08333333"
"","","GHP2014TON-PT02","","","","","","","","","GHP2014TON-PT02-00069","","","","1","2","43","43","8","8","10","8","4","8","2","5","6","7","1","4","8.3","2.7","7.4","11","18.4","86","0.193023256","0.062790698","0.127906977","10.75","8.6","5.375","4.3","1.375","1.1","0.925","0.74","50","59.7826087","80","27.66666667","34.58333333","36.66666667","45.83333333","24.66666667","30.83333333","61.33333333","76.66666667"
"","","GHP2014TON-PT02","","","","","","","","","GHP2014TON-PT02-00007","","","","2","2","6","4","8","8","10","4","","","2","3","3","8","2","3","0.5","0.1","5.2","0.6","5.8","10","0.083333333","0.025","0.06","1.25","1","0.75","0.6","0.075","0.06","0.65","0.52","60","10.34482759","80","1.666666667","2.083333333","2","2.5","17.33333333","21.66666667","19.33333333","24.16666667"
"","","GHP2014TON-PT02","","","","","","","","","GHP2014TON-PT02-00070","","","","3","1","14","20","10","10","10","9","5","","3","4","5","5","2","6","1.8","0.6","4.8","2.4","7.2","34","0.128571429","0.03","0.070588235","3.4","3.4","1.4","1.4","0.24","0.24","0.48","0.48","41.17647059","33.33333333","100","6","6","8","8","16","16","24","24"
"","","GHP2014TON-PT02","","","","","","","","","GHP2014TON-PT02-00071","","","","","","0","0","0","0","10","0","","","","","","","","","0","0","0","0","0","0","","","","","0","","0","","0","","0","","","0","0","","0","","0","","0",""
"","","GHP2014TON-PT02","","","","","","","","","GHP2014TON-PT02-00072","","","","","","0","0","7","7","10","0","","","","","","6","1","5","0","0","5.2","0","5.2","0","","","","0","0","0","0","0","0","0.742857143","0.52","","0","70","0","0","0","0","17.33333333","24.76190476","17.33333333","24.76190476"
"","","GHP2014TON-PT02","","","","","","","","","GHP2014TON-PT02-00073","","","","3","1","12","21","5","5","10","5","","","1","4","4","5","1","5","1.4","0.7","3.2","2.1","5.3","33","0.116666667","0.033333333","0.063636364","6.6","3.3","2.4","1.2","0.42","0.21","0.64","0.32","36.36363636","39.62264151","50","4.666666667","9.333333333","7","14","10.66666667","21.33333333","17.66666667","35.33333333"
"","","GHP2014TON-PT02","","","","","","","","","GHP2014TON-PT02-00074","","","","3","1","8","5","10","10","10","6","","","1","4","4","6","3","4","1.3","0.3","14.8","1.6","16.4","13","0.1625","0.06","0.123076923","1.3","1.3","0.8","0.8","0.16","0.16","1.48","1.48","61.53846154","9.756097561","100","4.333333333","4.333333333","5.333333333","5.333333333","49.33333333","49.33333333","54.66666667","54.66666667"
"","","GHP2014TON-PT02","","","","","","","","","GHP2014TON-PT02-00075","","","","1","1","4","5","6","6","10","3","","","1","4","4","4","4","6","0.5","0.1","1.6","0.6","2.2","9","0.125","0.02","0.066666667","1.5","0.9","0.666666667","0.4","0.1","0.06","0.266666667","0.16","44.44444444","27.27272727","60","1.666666667","2.777777778","2","3.333333333","5.333333333","8.888888889","7.333333333","12.22222222"
"","","GHP2014TON-PT02","","","","","","","","","GHP2014TON-PT02-00076","","","","","","0","0","9","9","10","0","","","","","","7","1","4","0","0","12.6","0","12.6","0","","","","0","0","0","0","0","0","1.4","1.26","","0","90","0","0","0","0","42","46.66666667","42","46.66666667"
"","","GHP2014TON-PT02","","","","","","","","","GHP2014TON-PT02-00077","","","","1","1","11","6","6","6","10","6","","","2","4","4","3","7","7","1.6","0.3","2.6","1.9","4.5","17","0.145454545","0.05","0.111764706","2.833333333","1.7","1.833333333","1.1","0.316666667","0.19","0.433333333","0.26","64.70588235","42.22222222","60","5.333333333","8.888888889","6.333333333","10.55555556","8.666666667","14.44444444","15","25"
"","","GHP2014TON-PT02","","","","","","","","","GHP2014TON-PT02-00078","","","","2","1","1","0","5","5","10","1","","","1","3","3","2","8","8","0.1","0","1.4","0.1","1.5","1","0.1","","0.1","0.2","0.1","0.2","0.1","0.02","0.01","0.28","0.14","100","6.666666667","50","0.333333333","0.666666667","0.333333333","0.666666667","4.666666667","9.333333333","5","10"
"","","GHP2014TON-PT02","","","","","","","","","GHP2014TON-PT02-00079","","","","","","0","0","6","6","10","0","","","","","","2","6","8","0","0","3.4","0","3.4","0","","","","0","0","0","0","0","0","0.566666667","0.34","","0","60","0","0","0","0","11.33333333","18.88888889","11.33333333","18.88888889"
"","","GHP2014TON-PT02","","","","","","","","","GHP2014TON-PT02-00008","","","","","","0","0","1","1","10","0","","","","","","1","8","9","0","0","0.8","0","0.8","0","","","","0","0","0","0","0","0","0.8","0.08","","0","10","0","0","0","0","2.666666667","26.66666667","2.666666667","26.66666667"
"","","GHP2014TON-PT02","","","","","","","","","GHP2014TON-PT02-00080","","","","2","5","5","22","8","8","10","8","8","","6","6","8","5","3","5","2.3","2.2","3.4","4.5","7.9","27","0.46","0.1","0.166666667","3.375","2.7","0.625","0.5","0.5625","0.45","0.425","0.34","18.51851852","56.96202532","80","7.666666667","9.583333333","15","18.75","11.33333333","14.16666667","26.33333333","32.91666667"
"","","GHP2014TON-PT02","","","","","","","","","GHP2014TON-PT02-00081","","","","4","2","3","0","9","9","10","2","","","3","3","3","2","5","8","0.3","0","1.4","0.3","1.7","3","0.1","","0.1","0.333333333","0.3","0.333333333","0.3","0.033333333","0.03","0.155555556","0.14","100","17.64705882","90","1","1.111111111","1","1.111111111","4.666666667","5.185185185","5.666666667","6.296296296"
"","","GHP2014TON-PT02","","","","","","","","","GHP2014TON-PT02-00082","","","","","","0","0","5","5","10","0","","","","","","3","8","8","0","0","","0","","0","","","","0","0","0","0","0","0","","","","","50","0","0","0","0","","","",""
"","","GHP2014TON-PT02","","","","","","","","","GHP2014TON-PT02-00083","","","","1","1","35","20","10","10","10","10","9","9","1","6","6","8","2","4","6.6","0.9","5.8","7.5","13.3","55","0.188571429","0.045","0.136363636","5.5","5.5","3.5","3.5","0.75","0.75","0.58","0.58","63.63636364","56.39097744","100","22","22","25","25","19.33333333","19.33333333","44.33333333","44.33333333"
"","","GHP2014TON-PT02","","","","","","","","","GHP2014TON-PT02-00084","","","","2","1","17","21","10","10","10","10","","","3","5","4","4","3","6","1.7","1.3","9.8","3","12.8","38","0.1","0.061904762","0.078947368","3.8","3.8","1.7","1.7","0.3","0.3","0.98","0.98","44.73684211","23.4375","100","5.666666667","5.666666667","10","10","32.66666667","32.66666667","42.66666667","42.66666667"
"","","GHP2014TON-PT02","","","","","","","","","GHP2014TON-PT02-00085","","","","1","1","7","4","4","4","10","4","","","2","3","3","8","3","4","1.4","0.1","9.6","1.5","11.1","11","0.2","0.025","0.136363636","2.75","1.1","1.75","0.7","0.375","0.15","2.4","0.96","63.63636364","13.51351351","40","4.666666667","11.66666667","5","12.5","32","80","37","92.5"
"","","GHP2014TON-PT02","","","","","","","","","GHP2014TON-PT02-00086","","","","","","0","0","2","2","10","0","","","","","","1","8","9","0","0","0.2","0","0.2","0","","","","0","0","0","0","0","0","0.1","0.02","","0","20","0","0","0","0","0.666666667","3.333333333","0.666666667","3.333333333"
"","","GHP2014TON-PT02","","","","","","","","","GHP2014TON-PT02-00087","","","","1","1","","","9","9","10","1","","","1","2","2","8","3","3","","","8.6","","","","","","","","","","","","","0.955555556","0.86","","","90","","","","","28.66666667","31.85185185","",""
"","","GHP2014TON-PT02","","","","","","","","","GHP2014TON-PT02-00088","","","","1","1","1","4","2","2","10","2","","","1","2","3","3","7","8","0.2","0.2","2","0.4","2.4","5","0.2","0.05","0.08","2.5","0.5","0.5","0.1","0.2","0.04","1","0.2","20","16.66666667","20","0.666666667","3.333333333","1.333333333","6.666666667","6.666666667","33.33333333","8","40"
"","","GHP2014TON-PT02","","","","","","","","","GHP2014TON-PT02-00089","","","","","","0","0","2","2","10","0","","","","","","2","8","8","0","0","1.2","0","1.2","0","","","","0","0","0","0","0","0","0.6","0.12","","0","20","0","0","0","0","4","20","4","20"
"","","GHP2014TON-PT02","","","","","","","","","GHP2014TON-PT02-00009","","","","2","2","16","15","10","10","10","7","4","3","4","4","4","6","2","4","2.2","0.6","7.8","2.8","10.6","31","0.1375","0.04","0.090322581","3.1","3.1","1.6","1.6","0.28","0.28","0.78","0.78","51.61290323","26.41509434","100","7.333333333","7.333333333","9.333333333","9.333333333","26","26","35.33333333","35.33333333"
"","","GHP2014TON-PT02","","","","","","","","","GHP2014TON-PT02-00090","","","","","","0","0","3","3","10","0","","","","","","1","9","9","0","0","0.2","0","0.2","0","","","","0","0","0","0","0","0","0.066666667","0.02","","0","30","0","0","0","0","0.666666667","2.222222222","0.666666667","2.222222222"
"","","GHP2014TON-PT02","","","","","","","","","GHP2014TON-PT02-00091","","","","1","1","11","15","8","8","10","7","3","4","1","4","4","7","1","3","2","0.5","4.2","2.5","6.7","26","0.181818182","0.033333333","0.096153846","3.25","2.6","1.375","1.1","0.3125","0.25","0.525","0.42","42.30769231","37.31343284","80","6.666666667","8.333333333","8.333333333","10.41666667","14","17.5","22.33333333","27.91666667"
"","","GHP2014TON-PT02","","","","","","","","","GHP2014TON-PT02-00092","","","","","","0","0","10","10","10","0","","","","","","8","1","3","0","0","10.2","0","10.2","0","","","","0","0","0","0","0","0","1.02","1.02","","0","100","0","0","0","0","34","34","34","34"
"","","GHP2014TON-PT02","","","","","","","","","GHP2014TON-PT02-00093","","","","1","1","2","3","9","9","10","2","","","1","3","5","8","3","3","0.7","0.2","8.6","0.9","9.5","5","0.35","0.066666667","0.18","0.555555556","0.5","0.222222222","0.2","0.1","0.09","0.955555556","0.86","40","9.473684211","90","2.333333333","2.592592593","3","3.333333333","28.66666667","31.85185185","31.66666667","35.18518519"
"","","GHP2014TON-PT02","","","","","","","","","GHP2014TON-PT02-00094","","","","1","1","4","6","9","9","10","3","","","1","3","5","7","3","4","1","0.2","5","1.2","6.2","10","0.25","0.033333333","0.12","1.111111111","1","0.444444444","0.4","0.133333333","0.12","0.555555556","0.5","40","19.35483871","90","3.333333333","3.703703704","4","4.444444444","16.66666667","18.51851852","20.66666667","22.96296296"
"","","GHP2014TON-PT02","","","","","","","","","GHP2014TON-PT02-00095","","","","1","1","13","10","10","10","10","8","","","2","4","7","8","1","3","3.3","0.4","9.6","3.7","13.3","23","0.253846154","0.04","0.160869565","2.3","2.3","1.3","1.3","0.37","0.37","0.96","0.96","56.52173913","27.81954887","100","11","11","12.33333333","12.33333333","32","32","44.33333333","44.33333333"
"","","GHP2014TON-PT02","","","","","","","","","GHP2014TON-PT02-00096","","","","1","2","17","18","10","10","10","10","6","8","3","5","6","7","5","4","3.1","0.5","6.2","3.6","9.8","35","0.182352941","0.027777778","0.102857143","3.5","3.5","1.7","1.7","0.36","0.36","0.62","0.62","48.57142857","36.73469388","100","10.33333333","10.33333333","12","12","20.66666667","20.66666667","32.66666667","32.66666667"
"","","GHP2014TON-PT02","","","","","","","","","GHP2014TON-PT02-00097","","","","","","","","4","4","10","","5","8","","","","4","7","6","","","1.8","","","","","","","","","","","","","0.45","0.18","","","40","","","","","6","15","",""
"","","GHP2014TON-PT02","","","","","","","","","GHP2014TON-PT02-00098","","","","1","1","4","3","5","5","10","2","","","2","3","4","5","3","5","0.6","0.1","3.6","0.7","4.3","7","0.15","0.033333333","0.1","1.4","0.7","0.8","0.4","0.14","0.07","0.72","0.36","57.14285714","16.27906977","50","2","4","2.333333333","4.666666667","12","24","14.33333333","28.66666667"
"","","GHP2014TON-PT02","","","","","","","","","GHP2014TON-PT02-00099","","","","","","0","0","0","0","10","0","","","","","","","","","0","0","0","0","0","0","","","","","0","","0","","0","","0","","","0","0","","0","","0","","0",""
