"studyYear","studyDbId","studyName","studyDesign","locationDbId","locationName","germplasmDbId","germplasmName","germplasmSynonyms","observationLevel","observationUnitDbId","observationUnitName","replicate","blockNumber","plotNumber","Alcidodes sp. damage estimating 1-9|CO_331:0000806","Millipede damage estimating 1-9|CO_331:0000805","Number of plants planted per NET plot|CO_331:0000678","Number of plants harvested per NET plot|CO_331:0000679","Number of plants with storage roots per NET plot|CO_331:0000211","Number of commercial storage roots per NET plot|CO_331:0000214","Number of non-commercial storage roots per NET plot|CO_331:0000217","Storage root predominant Flesh color estimating 1-9|CO_331:0000178","Storage root skin predominant color estimating 1-9 CIP|CO_331:0000175","Reaction to Striped sweet potato weevil estimating 1-9|CO_331:0000720","Storage root appearance estimating 1-9 CIP|CO_331:0000202","Storage root size estimating 1-9|CO_331:0000184","Vine vigor estimating 1-9|CO_331:0000197","Virus symptoms estimating 1-9|CO_331:0000193","Virus symptoms estimating 1-9|month 1|before harvest|COMP:0000024","Weight of commercial storage roots per NET plot in kg|CO_331:0000220","Weight of non-commercial storage roots per NET plot in kg|CO_331:0000223","Weight of vines per NET plot in kg|CO_331:0000227","Total storage root weight per NET plot in kg|CO_331:0000237","Biomass yield in kg per plot|CO_331:0000683","Number of storage roots after harvest per NET plot|CO_331:0000233","Average commercial storage root weight computation kg|CO_331:0000680","Average non-commercial storage root weight computation kg|CO_331:0002039","Average total storage root weight computation kg|CO_331:0002040","Number of storage roots-after harvest per plant harvested|CO_331:0000230","Number of storage roots-after harvest per plant planted|CO_331:0000994","Number of commercial storage roots per plant harvested|CO_331:2000036","Number of commercial storage roots per plant planted|CO_331:0000993","Storage roots yield in kg per plant harvested|CO_331:0000681","Storage roots yield in kg per plant planted|CO_331:0000989","Vine weight in kg per plant harvested|CO_331:0000990","Vine weight in kg per plant planted|CO_331:0000991","Percentage of commercial storage root|CO_331:0000682","Harvest index computing percent|CO_331:0000302","Survival index computing percent|CO_331:0000301","Commercial storage root yield tons per ha|CO_331:0000809","Commercial storage root yield adjusted tons per ha|CO_331:0000998","Total storage roots yield computation tons per ha|CO_331:0000296","Total storage roots yield adjusted tons per ha|CO_331:0000999","Total foliage yield in tons per ha|CO_331:0000684","Total foliage yield adjusted in tons per ha|CO_331:0001002","Biomass yield in tons per ha|CO_331:0001003","Biomass yield adjusted in tons per ha|CO_331:0001004"
"","","GHP2014OHW-PT02","","","","","","","","","GHP2014OHW-PT02-00001","","","","1","2","10","9","7","9","3","5","9","2","2","1","6","7","7","5.4","0.4","5.8","5.8","11.6","12","0.6","0.133333333","0.483333333","1.333333333","1.2","1","0.9","0.644444444","0.58","0.644444444","0.58","75","50","90","18","20","19.33333333","21.48148148","19.33333333","21.48148148","38.66666667","42.96296296"
"","","GHP2014OHW-PT02","","","","","","","","","GHP2014OHW-PT02-00010","","","","","","10","0","0","0","0","","","","","","3","7","8","0","0","0","0","0","0","","","","","0","","0","","0","","0","","","0","0","","0","","0","","0",""
"","","GHP2014OHW-PT02","","","","","","","","","GHP2014OHW-PT02-00100","","","","1","2","10","10","5","5","9","3","4","2","2","1","8","1","5","0.9","0.3","2","1.2","3.2","14","0.18","0.033333333","0.085714286","1.4","1.4","0.5","0.5","0.12","0.12","0.2","0.2","35.71428571","37.5","100","3","3","4","4","6.666666667","6.666666667","10.66666667","10.66666667"
"","","GHP2014OHW-PT02","","","","","","","","","GHP2014OHW-PT02-00101","","","","","","10","6","0","0","0","","","","","","3","8","8","0","0","0.1","0","0.1","0","","","","0","0","0","0","0","0","0.016666667","0.01","","0","60","0","0","0","0","0.333333333","0.555555556","0.333333333","0.555555556"
"","","GHP2014OHW-PT02","","","","","","","","","GHP2014OHW-PT02-00102","","","","2","2","10","3","2","0","4","2","2","2","2","1","2","8","8","0","0.1","0.1","0.1","0.2","4","","0.025","0.025","1.333333333","0.4","0","0","0.033333333","0.01","0.033333333","0.01","0","50","30","0","0","0.333333333","1.111111111","0.333333333","1.111111111","0.666666667","2.222222222"
"","","GHP2014OHW-PT02","","","","","","","","","GHP2014OHW-PT02-00103","","","","1","1","10","6","1","0","1","5","3","1","1","1","2","8","8","0","0.1","0.1","0.1","0.2","1","","0.1","0.1","0.166666667","0.1","0","0","0.016666667","0.01","0.016666667","0.01","0","50","60","0","0","0.333333333","0.555555556","0.333333333","0.555555556","0.666666667","1.111111111"
"","","GHP2014OHW-PT02","","","","","","","","","GHP2014OHW-PT02-00104","","","","3","2","10","8","3","3","6","4","4","3","3","1","7","3","5","1.2","0.2","1.4","1.4","2.8","9","0.4","0.033333333","0.155555556","1.125","0.9","0.375","0.3","0.175","0.14","0.175","0.14","33.33333333","50","80","4","5","4.666666667","5.833333333","4.666666667","5.833333333","9.333333333","11.66666667"
"","","GHP2014OHW-PT02","","","","","","","","","GHP2014OHW-PT02-00105","","","","2","1","10","2","1","2","3","4","4","2","2","1","2","8","8","0.3","0.1","0.2","0.4","0.6","5","0.15","0.033333333","0.08","2.5","0.5","1","0.2","0.2","0.04","0.1","0.02","40","66.66666667","20","1","5","1.333333333","6.666666667","0.666666667","3.333333333","2","10"
"","","GHP2014OHW-PT02","","","","","","","","","GHP2014OHW-PT02-00106","","","","2","1","10","8","7","4","6","3","4","2","2","1","4","6","7","0.4","0.2","1.8","0.6","2.4","10","0.1","0.033333333","0.06","1.25","1","0.5","0.4","0.075","0.06","0.225","0.18","40","25","80","1.333333333","1.666666667","2","2.5","6","7.5","8","10"
"","","GHP2014OHW-PT02","","","","","","","","","GHP2014OHW-PT02-00107","","","","3","2","10","7","7","4","20","6","5","3","3","1","7","5","5","1","0.6","0.8","1.6","2.4","24","0.25","0.03","0.066666667","3.428571429","2.4","0.571428571","0.4","0.228571429","0.16","0.114285714","0.08","16.66666667","66.66666667","70","3.333333333","4.761904762","5.333333333","7.619047619","2.666666667","3.80952381","8","11.42857143"
"","","GHP2014OHW-PT02","","","","","","","","","GHP2014OHW-PT02-00108","","","","","","10","0","0","0","0","","","","","","","9","","0","0","0","0","0","0","","","","","0","","0","","0","","0","","","0","0","","0","","0","","0",""
"","","GHP2014OHW-PT02","","","","","","","","","GHP2014OHW-PT02-00109","","","","2","1","10","5","3","1","2","4","3","2","2","1","2","8","8","0.2","0.1","0.2","0.3","0.5","3","0.2","0.05","0.1","0.6","0.3","0.2","0.1","0.06","0.03","0.04","0.02","33.33333333","60","50","0.666666667","1.333333333","1","2","0.666666667","1.333333333","1.666666667","3.333333333"
"","","GHP2014OHW-PT02","","","","","","","","","GHP2014OHW-PT02-00011","","","","1","2","10","2","1","2","4","5","4","3","3","1","8","4","7","0.4","0.2","1.8","0.6","2.4","6","0.2","0.05","0.1","3","0.6","1","0.2","0.3","0.06","0.9","0.18","33.33333333","25","20","1.333333333","6.666666667","2","10","6","30","8","40"
"","","GHP2014OHW-PT02","","","","","","","","","GHP2014OHW-PT02-00110","","","","1","1","10","7","7","8","11","4","4","2","2","1","4","3","6","0.9","0.3","0.6","1.2","1.8","19","0.1125","0.027272727","0.063157895","2.714285714","1.9","1.142857143","0.8","0.171428571","0.12","0.085714286","0.06","42.10526316","66.66666667","70","3","4.285714286","4","5.714285714","2","2.857142857","6","8.571428571"
"","","GHP2014OHW-PT02","","","","","","","","","GHP2014OHW-PT02-00111","","","","3","1","10","10","8","10","12","6","5","2","2","2","4","1","7","1.2","0.5","0.8","1.7","2.5","22","0.12","0.041666667","0.077272727","2.2","2.2","1","1","0.17","0.17","0.08","0.08","45.45454545","68","100","4","4","5.666666667","5.666666667","2.666666667","2.666666667","8.333333333","8.333333333"
"","","GHP2014OHW-PT02","","","","","","","","","GHP2014OHW-PT02-00112","","","","4","1","10","6","6","7","4","4","3","2","2","1","4","7","7","0.4","0.1","0.6","0.5","1.1","11","0.057142857","0.025","0.045454545","1.833333333","1.1","1.166666667","0.7","0.083333333","0.05","0.1","0.06","63.63636364","45.45454545","60","1.333333333","2.222222222","1.666666667","2.777777778","2","3.333333333","3.666666667","6.111111111"
"","","GHP2014OHW-PT02","","","","","","","","","GHP2014OHW-PT02-00113","","","","3","1","10","10","8","10","10","5","6","1","1","2","8","1","4","2.5","0.7","4.8","3.2","8","20","0.25","0.07","0.16","2","2","1","1","0.32","0.32","0.48","0.48","50","40","100","8.333333333","8.333333333","10.66666667","10.66666667","16","16","26.66666667","26.66666667"
"","","GHP2014OHW-PT02","","","","","","","","","GHP2014OHW-PT02-00114","","","","","","10","0","0","0","0","","","","","","","9","","0","0","0","0","0","0","","","","","0","","0","","0","","0","","","0","0","","0","","0","","0",""
"","","GHP2014OHW-PT02","","","","","","","","","GHP2014OHW-PT02-00115","","","","","","10","0","0","0","0","","","","","","","9","","0","0","0","0","0","0","","","","","0","","0","","0","","0","","","0","0","","0","","0","","0",""
"","","GHP2014OHW-PT02","","","","","","","","","GHP2014OHW-PT02-00116","","","","2","1","10","3","2","2","4","4","4","1","1","1","3","8","","0.2","0.1","0.2","0.3","0.5","6","0.1","0.025","0.05","2","0.6","0.666666667","0.2","0.1","0.03","0.066666667","0.02","33.33333333","60","30","0.666666667","2.222222222","1","3.333333333","0.666666667","2.222222222","1.666666667","5.555555556"
"","","GHP2014OHW-PT02","","","","","","","","","GHP2014OHW-PT02-00117","","","","","","10","0","0","0","0","","","","","","","8","","0","0","0","0","0","0","","","","","0","","0","","0","","0","","","0","0","","0","","0","","0",""
"","","GHP2014OHW-PT02","","","","","","","","","GHP2014OHW-PT02-00118","","","","3","3","10","6","6","8","17","4","6","5","5","3","6","6","6","1.9","1.6","2.4","3.5","5.9","25","0.2375","0.094117647","0.14","4.166666667","2.5","1.333333333","0.8","0.583333333","0.35","0.4","0.24","32","59.3220339","60","6.333333333","10.55555556","11.66666667","19.44444444","8","13.33333333","19.66666667","32.77777778"
"","","GHP2014OHW-PT02","","","","","","","","","GHP2014OHW-PT02-00119","","","","3","1","10","5","4","0","4","2","2","1","1","3","3","8","8","0","0.1","0.6","0.1","0.7","4","","0.025","0.025","0.8","0.4","0","0","0.02","0.01","0.12","0.06","0","14.28571429","50","0","0","0.333333333","0.666666667","2","4","2.333333333","4.666666667"
"","","GHP2014OHW-PT02","","","","","","","","","GHP2014OHW-PT02-00012","","","","4","2","10","1","1","2","4","3","4","2","2","2","7","4","7","0.4","0.2","2","0.6","2.6","6","0.2","0.05","0.1","6","0.6","2","0.2","0.6","0.06","2","0.2","33.33333333","23.07692308","10","1.333333333","13.33333333","2","20","6.666666667","66.66666667","8.666666667","86.66666667"
"","","GHP2014OHW-PT02","","","","","","","","","GHP2014OHW-PT02-00120","","","","3","1","10","4","4","6","8","4","4","1","1","2","8","3","4","0.7","0.3","3","1","4","14","0.116666667","0.0375","0.071428571","3.5","1.4","1.5","0.6","0.25","0.1","0.75","0.3","42.85714286","25","40","2.333333333","5.833333333","3.333333333","8.333333333","10","25","13.33333333","33.33333333"
"","","GHP2014OHW-PT02","","","","","","","","","GHP2014OHW-PT02-00121","","","","","","10","0","0","0","0","","","","","","","9","","0","0","0","0","0","0","","","","","0","","0","","0","","0","","","0","0","","0","","0","","0",""
"","","GHP2014OHW-PT02","","","","","","","","","GHP2014OHW-PT02-00122","","","","2","1","10","3","2","2","0","3","3","1","1","2","3","8","8","0.2","0","1","0.2","1.2","2","0.1","","0.1","0.666666667","0.2","0.666666667","0.2","0.066666667","0.02","0.333333333","0.1","100","16.66666667","30","0.666666667","2.222222222","0.666666667","2.222222222","3.333333333","11.11111111","4","13.33333333"
"","","GHP2014OHW-PT02","","","","","","","","","GHP2014OHW-PT02-00123","","","","2","1","10","6","6","0","9","2","3","1","1","2","7","5","5","0","0.2","2","0.2","2.2","9","","0.022222222","0.022222222","1.5","0.9","0","0","0.033333333","0.02","0.333333333","0.2","0","9.090909091","60","0","0","0.666666667","1.111111111","6.666666667","11.11111111","7.333333333","12.22222222"
"","","GHP2014OHW-PT02","","","","","","","","","GHP2014OHW-PT02-00124","","","","3","2","10","6","6","15","27","5","5","6","6","2","7","6","7","2.3","1.3","2","3.6","5.6","42","0.153333333","0.048148148","0.085714286","7","4.2","2.5","1.5","0.6","0.36","0.333333333","0.2","35.71428571","64.28571429","60","7.666666667","12.77777778","12","20","6.666666667","11.11111111","18.66666667","31.11111111"
"","","GHP2014OHW-PT02","","","","","","","","","GHP2014OHW-PT02-00125","","","","2","1","10","5","4","9","0","4","4","1","1","1","4","6","8","0.9","0","1.1","0.9","2","9","0.1","","0.1","1.8","0.9","1.8","0.9","0.18","0.09","0.22","0.11","100","45","50","3","6","3","6","3.666666667","7.333333333","6.666666667","13.33333333"
"","","GHP2014OHW-PT02","","","","","","","","","GHP2014OHW-PT02-00126","","","","","","10","0","0","0","0","","","","","","","7","9","0","0","0","0","0","0","","","","","0","","0","","0","","0","","","0","0","","0","","0","","0",""
"","","GHP2014OHW-PT02","","","","","","","","","GHP2014OHW-PT02-00127","","","","","","10","0","0","0","0","","","","","","3","8","8","0","0","0","0","0","0","","","","","0","","0","","0","","0","","","0","0","","0","","0","","0",""
"","","GHP2014OHW-PT02","","","","","","","","","GHP2014OHW-PT02-00128","","","","1","1","10","7","6","5","8","5","5","1","1","1","3","6","7","0.8","0.1","0.8","0.9","1.7","13","0.16","0.0125","0.069230769","1.857142857","1.3","0.714285714","0.5","0.128571429","0.09","0.114285714","0.08","38.46153846","52.94117647","70","2.666666667","3.80952381","3","4.285714286","2.666666667","3.80952381","5.666666667","8.095238095"
"","","GHP2014OHW-PT02","","","","","","","","","GHP2014OHW-PT02-00129","","","","1","1","10","1","1","0","1","2","3","1","1","1","6","7","7","0","0.1","0.6","0.1","0.7","1","","0.1","0.1","1","0.1","0","0","0.1","0.01","0.6","0.06","0","14.28571429","10","0","0","0.333333333","3.333333333","2","20","2.333333333","23.33333333"
"","","GHP2014OHW-PT02","","","","","","","","","GHP2014OHW-PT02-00013","","","","1","","10","1","","","","","","","","","2","8","8","","","0.1","","","","","","","","","","","","","0.1","0.01","","","10","","","","","0.333333333","3.333333333","",""
"","","GHP2014OHW-PT02","","","","","","","","","GHP2014OHW-PT02-00130","","","","3","1","10","6","3","5","4","5","4","1","1","3","5","6","6","0.6","0.1","1.8","0.7","2.5","9","0.12","0.025","0.077777778","1.5","0.9","0.833333333","0.5","0.116666667","0.07","0.3","0.18","55.55555556","28","60","2","3.333333333","2.333333333","3.888888889","6","10","8.333333333","13.88888889"
"","","GHP2014OHW-PT02","","","","","","","","","GHP2014OHW-PT02-00131","","","","","","10","0","0","0","0","","","","","","1","9","9","0","0","0","0","0","0","","","","","0","","0","","0","","0","","","0","0","","0","","0","","0",""
"","","GHP2014OHW-PT02","","","","","","","","","GHP2014OHW-PT02-00132","","","","4","1","10","10","9","11","9","5","7","2","2","2","7","1","5","2.4","0.5","4","2.9","6.9","20","0.218181818","0.055555556","0.145","2","2","1.1","1.1","0.29","0.29","0.4","0.4","55","42.02898551","100","8","8","9.666666667","9.666666667","13.33333333","13.33333333","23","23"
"","","GHP2014OHW-PT02","","","","","","","","","GHP2014OHW-PT02-00133","","","","","","10","0","0","0","0","","","","","","2","8","8","0","0","0","0","0","0","","","","","0","","0","","0","","0","","","0","0","","0","","0","","0",""
"","","GHP2014OHW-PT02","","","","","","","","","GHP2014OHW-PT02-00134","","","","","","10","2","0","0","0","","","","","","6","5","5","0","0","0.6","0","0.6","0","","","","0","0","0","0","0","0","0.3","0.06","","0","20","0","0","0","0","2","10","2","10"
"","","GHP2014OHW-PT02","","","","","","","","","GHP2014OHW-PT02-00135","","","","1","1","10","3","3","2","4","2","2","1","1","2","4","7","7","0.2","0.1","0.4","0.3","0.7","6","0.1","0.025","0.05","2","0.6","0.666666667","0.2","0.1","0.03","0.133333333","0.04","33.33333333","42.85714286","30","0.666666667","2.222222222","1","3.333333333","1.333333333","4.444444444","2.333333333","7.777777778"
"","","GHP2014OHW-PT02","","","","","","","","","GHP2014OHW-PT02-00136","","","","2","1","10","9","9","15","10","6","5","2","2","1","5","1","6","1.9","0.4","0.6","2.3","2.9","25","0.126666667","0.04","0.092","2.777777778","2.5","1.666666667","1.5","0.255555556","0.23","0.066666667","0.06","60","79.31034483","90","6.333333333","7.037037037","7.666666667","8.518518519","2","2.222222222","9.666666667","10.74074074"
"","","GHP2014OHW-PT02","","","","","","","","","GHP2014OHW-PT02-00137","","","","3","1","10","7","6","6","11","5","5","2","2","","4","7","7","0.7","0.4","1","1.1","2.1","17","0.116666667","0.036363636","0.064705882","2.428571429","1.7","0.857142857","0.6","0.157142857","0.11","0.142857143","0.1","35.29411765","52.38095238","70","2.333333333","3.333333333","3.666666667","5.238095238","3.333333333","4.761904762","7","10"
"","","GHP2014OHW-PT02","","","","","","","","","GHP2014OHW-PT02-00138","","","","4","3","10","10","9","15","15","6","7","5","5","1","7","1","5","2.8","0.7","1.6","3.5","5.1","30","0.186666667","0.046666667","0.116666667","3","3","1.5","1.5","0.35","0.35","0.16","0.16","50","68.62745098","100","9.333333333","9.333333333","11.66666667","11.66666667","5.333333333","5.333333333","17","17"
"","","GHP2014OHW-PT02","","","","","","","","","GHP2014OHW-PT02-00139","","","","","","10","0","0","0","0","","","","","","2","8","8","0","0","0","0","0","0","","","","","0","","0","","0","","0","","","0","0","","0","","0","","0",""
"","","GHP2014OHW-PT02","","","","","","","","","GHP2014OHW-PT02-00014","","","","4","1","10","4","2","1","2","4","4","1","1","1","3","8","8","0.3","0.2","0.6","0.5","1.1","3","0.3","0.1","0.166666667","0.75","0.3","0.25","0.1","0.125","0.05","0.15","0.06","33.33333333","45.45454545","40","1","2.5","1.666666667","4.166666667","2","5","3.666666667","9.166666667"
"","","GHP2014OHW-PT02","","","","","","","","","GHP2014OHW-PT02-00140","","","","2","3","10","7","7","13","12","5","6","4","4","2","5","1","7","2.7","0.4","2","3.1","5.1","25","0.207692308","0.033333333","0.124","3.571428571","2.5","1.857142857","1.3","0.442857143","0.31","0.285714286","0.2","52","60.78431373","70","9","12.85714286","10.33333333","14.76190476","6.666666667","9.523809524","17","24.28571429"
"","","GHP2014OHW-PT02","","","","","","","","","GHP2014OHW-PT02-00141","","","","3","1","10","7","4","","","2","2","1","1","1","6","5","6","","","0.8","","","","","","","","","","","","","0.114285714","0.08","","","70","","","","","2.666666667","3.80952381","",""
"","","GHP2014OHW-PT02","","","","","","","","","GHP2014OHW-PT02-00142","","","","","","10","0","0","0","0","","","","","","","9","","0","0","0","0","0","0","","","","","0","","0","","0","","0","","","0","0","","0","","0","","0",""
"","","GHP2014OHW-PT02","","","","","","","","","GHP2014OHW-PT02-00143","","","","3","1","10","5","5","5","7","4","5","1","1","1","6","5","6","0.5","0.2","1.6","0.7","2.3","12","0.1","0.028571429","0.058333333","2.4","1.2","1","0.5","0.14","0.07","0.32","0.16","41.66666667","30.43478261","50","1.666666667","3.333333333","2.333333333","4.666666667","5.333333333","10.66666667","7.666666667","15.33333333"
"","","GHP2014OHW-PT02","","","","","","","","","GHP2014OHW-PT02-00144","","","","","","10","0","0","0","0","","","","","","","","","0","0","0","0","0","0","","","","","0","","0","","0","","0","","","0","0","","0","","0","","0",""
"","","GHP2014OHW-PT02","","","","","","","","","GHP2014OHW-PT02-00145","","","","","","10","0","0","0","0","","","","","","","","","0","0","0","0","0","0","","","","","0","","0","","0","","0","","","0","0","","0","","0","","0",""
"","","GHP2014OHW-PT02","","","","","","","","","GHP2014OHW-PT02-00146","","","","3","1","10","7","7","6","11","3","4","2","2","1","5","6","7","0.5","0.3","0.6","0.8","1.4","17","0.083333333","0.027272727","0.047058824","2.428571429","1.7","0.857142857","0.6","0.114285714","0.08","0.085714286","0.06","35.29411765","57.14285714","70","1.666666667","2.380952381","2.666666667","3.80952381","2","2.857142857","4.666666667","6.666666667"
"","","GHP2014OHW-PT02","","","","","","","","","GHP2014OHW-PT02-00147","","","","3","1","10","7","7","12","10","4","6","1","1","1","9","3","4","2.2","0.5","2.4","2.7","5.1","22","0.183333333","0.05","0.122727273","3.142857143","2.2","1.714285714","1.2","0.385714286","0.27","0.342857143","0.24","54.54545455","52.94117647","70","7.333333333","10.47619048","9","12.85714286","8","11.42857143","17","24.28571429"
"","","GHP2014OHW-PT02","","","","","","","","","GHP2014OHW-PT02-00148","","","","2","1","10","3","2","0","4","3","4","2","2","1","5","6","6","0","0.5","0.6","0.5","1.1","4","","0.125","0.125","1.333333333","0.4","0","0","0.166666667","0.05","0.2","0.06","0","45.45454545","30","0","0","1.666666667","5.555555556","2","6.666666667","3.666666667","12.22222222"
"","","GHP2014OHW-PT02","","","","","","","","","GHP2014OHW-PT02-00149","","","","2","1","10","2","1","","","2","2","1","1","1","5","5","5","","","1.2","","","","","","","","","","","","","0.6","0.12","","","20","","","","","4","20","",""
"","","GHP2014OHW-PT02","","","","","","","","","GHP2014OHW-PT02-00015","","","","","","10","0","0","0","0","","","","","","1","9","9","0","0","0","0","0","0","","","","","0","","0","","0","","0","","","0","0","","0","","0","","0",""
"","","GHP2014OHW-PT02","","","","","","","","","GHP2014OHW-PT02-00150","","","","4","1","10","7","7","6","1","3","4","2","2","1","5","1","5","0.4","0.1","0.6","0.5","1.1","7","0.066666667","0.1","0.071428571","1","0.7","0.857142857","0.6","0.071428571","0.05","0.085714286","0.06","85.71428571","45.45454545","70","1.333333333","1.904761905","1.666666667","2.380952381","2","2.857142857","3.666666667","5.238095238"
"","","GHP2014OHW-PT02","","","","","","","","","GHP2014OHW-PT02-00151","","","","2","1","10","4","3","6","9","4","5","1","1","1","7","4","5","0.7","0.3","4.2","1","5.2","15","0.116666667","0.033333333","0.066666667","3.75","1.5","1.5","0.6","0.25","0.1","1.05","0.42","40","19.23076923","40","2.333333333","5.833333333","3.333333333","8.333333333","14","35","17.33333333","43.33333333"
"","","GHP2014OHW-PT02","","","","","","","","","GHP2014OHW-PT02-00152","","","","","","10","8","","6","4","","","","","","9","1","4","0.9","0.1","10.6","1","11.6","10","0.15","0.025","0.1","1.25","1","0.75","0.6","0.125","0.1","1.325","1.06","60","8.620689655","80","3","3.75","3.333333333","4.166666667","35.33333333","44.16666667","38.66666667","48.33333333"
"","","GHP2014OHW-PT02","","","","","","","","","GHP2014OHW-PT02-00153","","","","","","10","0","0","0","0","","","","","","1","9","9","0","0","0","0","0","0","","","","","0","","0","","0","","0","","","0","0","","0","","0","","0",""
"","","GHP2014OHW-PT02","","","","","","","","","GHP2014OHW-PT02-00154","","","","3","1","10","7","5","7","8","4","5","1","1","1","7","1","5","0.7","0.1","4.2","0.8","5","15","0.1","0.0125","0.053333333","2.142857143","1.5","1","0.7","0.114285714","0.08","0.6","0.42","46.66666667","16","70","2.333333333","3.333333333","2.666666667","3.80952381","14","20","16.66666667","23.80952381"
"","","GHP2014OHW-PT02","","","","","","","","","GHP2014OHW-PT02-00155","","","","","","10","0","0","0","0","","","","","","","","","0","0","0","0","0","0","","","","","0","","0","","0","","0","","","0","0","","0","","0","","0",""
"","","GHP2014OHW-PT02","","","","","","","","","GHP2014OHW-PT02-00156","","","","3","1","10","7","6","7","10","5","6","1","1","1","7","1","5","1.5","0.3","3.2","1.8","5","17","0.214285714","0.03","0.105882353","2.428571429","1.7","1","0.7","0.257142857","0.18","0.457142857","0.32","41.17647059","36","70","5","7.142857143","6","8.571428571","10.66666667","15.23809524","16.66666667","23.80952381"
"","","GHP2014OHW-PT02","","","","","","","","","GHP2014OHW-PT02-00157","","","","3","1","10","4","4","7","0","5","6","1","1","1","5","1","6","1.1","0","0.8","1.1","1.9","7","0.157142857","","0.157142857","1.75","0.7","1.75","0.7","0.275","0.11","0.2","0.08","100","57.89473684","40","3.666666667","9.166666667","3.666666667","9.166666667","2.666666667","6.666666667","6.333333333","15.83333333"
"","","GHP2014OHW-PT02","","","","","","","","","GHP2014OHW-PT02-00158","","","","2","1","10","6","5","0","10","2","2","1","1","2","3","5","8","0","0.1","0.2","0.1","0.3","10","","0.01","0.01","1.666666667","1","0","0","0.016666667","0.01","0.033333333","0.02","0","33.33333333","60","0","0","0.333333333","0.555555556","0.666666667","1.111111111","1","1.666666667"
"","","GHP2014OHW-PT02","","","","","","","","","GHP2014OHW-PT02-00159","","","","3","1","10","6","6","6","19","2","3","1","1","2","3","5","7","0.2","0.2","0.6","0.4","1","25","0.033333333","0.010526316","0.016","4.166666667","2.5","1","0.6","0.066666667","0.04","0.1","0.06","24","40","60","0.666666667","1.111111111","1.333333333","2.222222222","2","3.333333333","3.333333333","5.555555556"
"","","GHP2014OHW-PT02","","","","","","","","","GHP2014OHW-PT02-00016","","","","1","1","10","1","1","0","1","3","3","1","1","1","3","7","8","0","0.1","0.6","0.1","0.7","1","","0.1","0.1","1","0.1","0","0","0.1","0.01","0.6","0.06","0","14.28571429","10","0","0","0.333333333","3.333333333","2","20","2.333333333","23.33333333"
"","","GHP2014OHW-PT02","","","","","","","","","GHP2014OHW-PT02-00160","","","","","","10","0","0","0","0","","","","","","2","5","8","0","0","0","0","0","0","","","","","0","","0","","0","","0","","","0","0","","0","","0","","0",""
"","","GHP2014OHW-PT02","","","","","","","","","GHP2014OHW-PT02-00161","","","","2","1","10","5","3","3","2","4","5","1","1","1","6","5","5","0.1","0.1","2.8","0.2","3","5","0.033333333","0.05","0.04","1","0.5","0.6","0.3","0.04","0.02","0.56","0.28","60","6.666666667","50","0.333333333","0.666666667","0.666666667","1.333333333","9.333333333","18.66666667","10","20"
"","","GHP2014OHW-PT02","","","","","","","","","GHP2014OHW-PT02-00162","","","","2","1","10","3","3","3","0","5","4","1","1","1","7","1","4","0.2","0","1","0.2","1.2","3","0.066666667","","0.066666667","1","0.3","1","0.3","0.066666667","0.02","0.333333333","0.1","100","16.66666667","30","0.666666667","2.222222222","0.666666667","2.222222222","3.333333333","11.11111111","4","13.33333333"
"","","GHP2014OHW-PT02","","","","","","","","","GHP2014OHW-PT02-00163","","","","2","2","10","6","6","6","14","5","5","3","3","1","5","5","5","0.9","0.2","1","1.1","2.1","20","0.15","0.014285714","0.055","3.333333333","2","1","0.6","0.183333333","0.11","0.166666667","0.1","30","52.38095238","60","3","5","3.666666667","6.111111111","3.333333333","5.555555556","7","11.66666667"
"","","GHP2014OHW-PT02","","","","","","","","","GHP2014OHW-PT02-00164","","","","2","1","10","1","1","1","0","3","3","1","1","1","2","3","8","0.1","0","0.1","0.1","0.2","1","0.1","","0.1","1","0.1","1","0.1","0.1","0.01","0.1","0.01","100","50","10","0.333333333","3.333333333","0.333333333","3.333333333","0.333333333","3.333333333","0.666666667","6.666666667"
"","","GHP2014OHW-PT02","","","","","","","","","GHP2014OHW-PT02-00165","","","","3","2","10","6","6","5","4","2","6","5","5","","9","4","4","0.9","0.4","2.6","1.3","3.9","9","0.18","0.1","0.144444444","1.5","0.9","0.833333333","0.5","0.216666667","0.13","0.433333333","0.26","55.55555556","33.33333333","60","3","5","4.333333333","7.222222222","8.666666667","14.44444444","13","21.66666667"
"","","GHP2014OHW-PT02","","","","","","","","","GHP2014OHW-PT02-00166","","","","","","10","1","0","0","0","","","","","","3","7","7","0","0","0.6","0","0.6","0","","","","0","0","0","0","0","0","0.6","0.06","","0","10","0","0","0","0","2","20","2","20"
"","","GHP2014OHW-PT02","","","","","","","","","GHP2014OHW-PT02-00167","","","","2","1","10","7","2","0","2","2","2","1","1","1","6","5","5","0","0.1","2.4","0.1","2.5","2","","0.05","0.05","0.285714286","0.2","0","0","0.014285714","0.01","0.342857143","0.24","0","4","70","0","0","0.333333333","0.476190476","8","11.42857143","8.333333333","11.9047619"
"","","GHP2014OHW-PT02","","","","","","","","","GHP2014OHW-PT02-00168","","","","","","10","0","0","0","0","","","","","","2","4","8","0","0","0","0","0","0","","","","","0","","0","","0","","0","","","0","0","","0","","0","","0",""
"","","GHP2014OHW-PT02","","","","","","","","","GHP2014OHW-PT02-00169","","","","2","2","10","5","4","3","7","2","4","6","6","2","6","6","6","0.2","0.4","1","0.6","1.6","10","0.066666667","0.057142857","0.06","2","1","0.6","0.3","0.12","0.06","0.2","0.1","30","37.5","50","0.666666667","1.333333333","2","4","3.333333333","6.666666667","5.333333333","10.66666667"
"","","GHP2014OHW-PT02","","","","","","","","","GHP2014OHW-PT02-00017","","","","1","2","10","10","4","3","3","4","9","1","1","1","7","5","5","3.1","0.2","3.4","3.3","6.7","6","1.033333333","0.066666667","0.55","0.6","0.6","0.3","0.3","0.33","0.33","0.34","0.34","50","49.25373134","100","10.33333333","10.33333333","11","11","11.33333333","11.33333333","22.33333333","22.33333333"
"","","GHP2014OHW-PT02","","","","","","","","","GHP2014OHW-PT02-00170","","","","","","10","0","0","0","0","","","","","","","","","0","0","0","0","0","0","","","","","0","","0","","0","","0","","","0","0","","0","","0","","0",""
"","","GHP2014OHW-PT02","","","","","","","","","GHP2014OHW-PT02-00171","","","","2","1","10","10","10","2","14","3","3","1","1","1","4","3","7","0.2","0.4","0.6","0.6","1.2","16","0.1","0.028571429","0.0375","1.6","1.6","0.2","0.2","0.06","0.06","0.06","0.06","12.5","50","100","0.666666667","0.666666667","2","2","2","2","4","4"
"","","GHP2014OHW-PT02","","","","","","","","","GHP2014OHW-PT02-00172","","","","2","1","10","8","7","2","6","5","5","1","1","1","4","7","7","0.4","0.2","1.8","0.6","2.4","8","0.2","0.033333333","0.075","1","0.8","0.25","0.2","0.075","0.06","0.225","0.18","25","25","80","1.333333333","1.666666667","2","2.5","6","7.5","8","10"
"","","GHP2014OHW-PT02","","","","","","","","","GHP2014OHW-PT02-00173","","","","","","10","0","0","0","0","","","","","","2","8","8","0","0","0","0","0","0","","","","","0","","0","","0","","0","","","0","0","","0","","0","","0",""
"","","GHP2014OHW-PT02","","","","","","","","","GHP2014OHW-PT02-00174","","","","3","2","10","3","3","5","6","7","9","3","3","4","4","6","7","3.5","0.2","2.2","3.7","5.9","11","0.7","0.033333333","0.336363636","3.666666667","1.1","1.666666667","0.5","1.233333333","0.37","0.733333333","0.22","45.45454545","62.71186441","30","11.66666667","38.88888889","12.33333333","41.11111111","7.333333333","24.44444444","19.66666667","65.55555556"
"","","GHP2014OHW-PT02","","","","","","","","","GHP2014OHW-PT02-00175","","","","","","10","0","0","0","0","","","","","","","","","0","0","0","0","0","0","","","","","0","","0","","0","","0","","","0","0","","0","","0","","0",""
"","","GHP2014OHW-PT02","","","","","","","","","GHP2014OHW-PT02-00176","","","","","","10","0","0","0","0","","","","","","","9","","0","0","0","0","0","0","","","","","0","","0","","0","","0","","","0","0","","0","","0","","0",""
"","","GHP2014OHW-PT02","","","","","","","","","GHP2014OHW-PT02-00177","","","","1","1","10","9","8","2","13","4","5","1","1","2","3","7","7","0.5","0.5","1.4","1","2.4","15","0.25","0.038461538","0.066666667","1.666666667","1.5","0.222222222","0.2","0.111111111","0.1","0.155555556","0.14","13.33333333","41.66666667","90","1.666666667","1.851851852","3.333333333","3.703703704","4.666666667","5.185185185","8","8.888888889"
"","","GHP2014OHW-PT02","","","","","","","","","GHP2014OHW-PT02-00178","","","","1","2","10","8","8","28","30","6","8","3","3","2","8","1","3","8.3","1.3","4","9.6","13.6","58","0.296428571","0.043333333","0.165517241","7.25","5.8","3.5","2.8","1.2","0.96","0.5","0.4","48.27586207","70.58823529","80","27.66666667","34.58333333","32","40","13.33333333","16.66666667","45.33333333","56.66666667"
"","","GHP2014OHW-PT02","","","","","","","","","GHP2014OHW-PT02-00179","","","","4","1","10","7","6","4","8","4","5","1","1","1","8","1","4","0.7","0.5","11","1.2","12.2","12","0.175","0.0625","0.1","1.714285714","1.2","0.571428571","0.4","0.171428571","0.12","1.571428571","1.1","33.33333333","9.836065574","70","2.333333333","3.333333333","4","5.714285714","36.66666667","52.38095238","40.66666667","58.0952381"
"","","GHP2014OHW-PT02","","","","","","","","","GHP2014OHW-PT02-00018","","","","2","1","10","3","2","0","3","2","2","1","1","1","2","8","8","0","0.1","0.2","0.1","0.3","3","","0.033333333","0.033333333","1","0.3","0","0","0.033333333","0.01","0.066666667","0.02","0","33.33333333","30","0","0","0.333333333","1.111111111","0.666666667","2.222222222","1","3.333333333"
"","","GHP2014OHW-PT02","","","","","","","","","GHP2014OHW-PT02-00180","","","","","","10","0","0","0","0","","","","","","","","","0","0","0","0","0","0","","","","","0","","0","","0","","0","","","0","0","","0","","0","","0",""
"","","GHP2014OHW-PT02","","","","","","","","","GHP2014OHW-PT02-00181","","","","3","1","10","5","3","3","0","2","5","1","1","2","5","6","6","0.3","0","1.4","0.3","1.7","3","0.1","","0.1","0.6","0.3","0.6","0.3","0.06","0.03","0.28","0.14","100","17.64705882","50","1","2","1","2","4.666666667","9.333333333","5.666666667","11.33333333"
"","","GHP2014OHW-PT02","","","","","","","","","GHP2014OHW-PT02-00182","","","","","","10","0","0","0","0","","","","","","","","","0","0","0","0","0","0","","","","","0","","0","","0","","0","","","0","0","","0","","0","","0",""
"","","GHP2014OHW-PT02","","","","","","","","","GHP2014OHW-PT02-00183","","","","2","1","10","6","5","9","10","5","5","1","1","1","5","3","6","1.2","0.4","0.6","1.6","2.2","19","0.133333333","0.04","0.084210526","3.166666667","1.9","1.5","0.9","0.266666667","0.16","0.1","0.06","47.36842105","72.72727273","60","4","6.666666667","5.333333333","8.888888889","2","3.333333333","7.333333333","12.22222222"
"","","GHP2014OHW-PT02","","","","","","","","","GHP2014OHW-PT02-00184","","","","2","1","10","3","3","2","5","4","3","1","1","1","2","8","8","0.2","0.1","0.6","0.3","0.9","7","0.1","0.02","0.042857143","2.333333333","0.7","0.666666667","0.2","0.1","0.03","0.2","0.06","28.57142857","33.33333333","30","0.666666667","2.222222222","1","3.333333333","2","6.666666667","3","10"
"","","GHP2014OHW-PT02","","","","","","","","","GHP2014OHW-PT02-00185","","","","","","10","0","0","0","0","","","","","","","","","0","0","0","0","0","0","","","","","0","","0","","0","","0","","","0","0","","0","","0","","0",""
"","","GHP2014OHW-PT02","","","","","","","","","GHP2014OHW-PT02-00186","","","","","","10","0","0","0","0","","","","","","","","","0","0","0","0","0","0","","","","","0","","0","","0","","0","","","0","0","","0","","0","","0",""
"","","GHP2014OHW-PT02","","","","","","","","","GHP2014OHW-PT02-00187","","","","","","10","0","0","0","0","","","","","","","","","0","0","0","0","0","0","","","","","0","","0","","0","","0","","","0","0","","0","","0","","0",""
"","","GHP2014OHW-PT02","","","","","","","","","GHP2014OHW-PT02-00188","","","","2","1","10","8","5","2","7","4","5","1","1","1","4","8","8","0.2","0.2","0.8","0.4","1.2","9","0.1","0.028571429","0.044444444","1.125","0.9","0.25","0.2","0.05","0.04","0.1","0.08","22.22222222","33.33333333","80","0.666666667","0.833333333","1.333333333","1.666666667","2.666666667","3.333333333","4","5"
"","","GHP2014OHW-PT02","","","","","","","","","GHP2014OHW-PT02-00189","","","","2","1","10","4","4","4","12","4","6","2","2","2","7","3","4","0.9","0.7","1.4","1.6","3","16","0.225","0.058333333","0.1","4","1.6","1","0.4","0.4","0.16","0.35","0.14","25","53.33333333","40","3","7.5","5.333333333","13.33333333","4.666666667","11.66666667","10","25"
"","","GHP2014OHW-PT02","","","","","","","","","GHP2014OHW-PT02-00019","","","","","","10","0","0","0","0","","","","","","1","9","9","0","0","0","0","0","0","","","","","0","","0","","0","","0","","","0","0","","0","","0","","0",""
"","","GHP2014OHW-PT02","","","","","","","","","GHP2014OHW-PT02-00190","","","","2","2","10","7","6","6","10","6","7","2","2","1","6","4","6","1.3","0.1","1.6","1.4","3","16","0.216666667","0.01","0.0875","2.285714286","1.6","0.857142857","0.6","0.2","0.14","0.228571429","0.16","37.5","46.66666667","70","4.333333333","6.19047619","4.666666667","6.666666667","5.333333333","7.619047619","10","14.28571429"
"","","GHP2014OHW-PT02","","","","","","","","","GHP2014OHW-PT02-00191","","","","2","1","10","4","4","2","2","2","4","2","2","2","2","8","8","0.1","0.3","0.2","0.4","0.6","4","0.05","0.15","0.1","1","0.4","0.5","0.2","0.1","0.04","0.05","0.02","50","66.66666667","40","0.333333333","0.833333333","1.333333333","3.333333333","0.666666667","1.666666667","2","5"
"","","GHP2014OHW-PT02","","","","","","","","","GHP2014OHW-PT02-00192","","","","2","2","10","2","2","0","6","2","3","2","2","1","1","7","9","0","0.3","0.2","0.3","0.5","6","","0.05","0.05","3","0.6","0","0","0.15","0.03","0.1","0.02","0","60","20","0","0","1","5","0.666666667","3.333333333","1.666666667","8.333333333"
"","","GHP2014OHW-PT02","","","","","","","","","GHP2014OHW-PT02-00193","","","","2","2","10","2","2","3","0","2","4","2","2","2","2","8","8","0.4","0","1.2","0.4","1.6","3","0.133333333","","0.133333333","1.5","0.3","1.5","0.3","0.2","0.04","0.6","0.12","100","25","20","1.333333333","6.666666667","1.333333333","6.666666667","4","20","5.333333333","26.66666667"
"","","GHP2014OHW-PT02","","","","","","","","","GHP2014OHW-PT02-00194","","","","","","10","5","0","0","0","","","","","","2","8","8","0","0","1","0","1","0","","","","0","0","0","0","0","0","0.2","0.1","","0","50","0","0","0","0","3.333333333","6.666666667","3.333333333","6.666666667"
"","","GHP2014OHW-PT02","","","","","","","","","GHP2014OHW-PT02-00195","","","","","","10","0","0","0","0","","","","","","","8","","0","0","0","0","0","0","","","","","0","","0","","0","","0","","","0","0","","0","","0","","0",""
"","","GHP2014OHW-PT02","","","","","","","","","GHP2014OHW-PT02-00196","","","","1","1","10","9","9","20","15","6","6","2","2","2","7","3","5","2.8","0.7","1.2","3.5","4.7","35","0.14","0.046666667","0.1","3.888888889","3.5","2.222222222","2","0.388888889","0.35","0.133333333","0.12","57.14285714","74.46808511","90","9.333333333","10.37037037","11.66666667","12.96296296","4","4.444444444","15.66666667","17.40740741"
"","","GHP2014OHW-PT02","","","","","","","","","GHP2014OHW-PT02-00197","","","","2","1","10","5","4","2","3","5","5","1","1","1","4","7","7","0.4","0.1","0.2","0.5","0.7","5","0.2","0.033333333","0.1","1","0.5","0.4","0.2","0.1","0.05","0.04","0.02","40","71.42857143","50","1.333333333","2.666666667","1.666666667","3.333333333","0.666666667","1.333333333","2.333333333","4.666666667"
"","","GHP2014OHW-PT02","","","","","","","","","GHP2014OHW-PT02-00198","","","","","","10","0","0","0","0","","","","","","2","8","8","0","0","0","0","0","0","","","","","0","","0","","0","","0","","","0","0","","0","","0","","0",""
"","","GHP2014OHW-PT02","","","","","","","","","GHP2014OHW-PT02-00199","","","","2","1","10","7","6","2","4","2","3","1","1","2","8","3","4","0.3","0.2","2.8","0.5","3.3","6","0.15","0.05","0.083333333","0.857142857","0.6","0.285714286","0.2","0.071428571","0.05","0.4","0.28","33.33333333","15.15151515","70","1","1.428571429","1.666666667","2.380952381","9.333333333","13.33333333","11","15.71428571"
"","","GHP2014OHW-PT02","","","","","","","","","GHP2014OHW-PT02-00002","","","","1","2","10","9","9","14","10","5","8","3","3","1","7","1","5","5.2","0.8","5.6","6","11.6","24","0.371428571","0.08","0.25","2.666666667","2.4","1.555555556","1.4","0.666666667","0.6","0.622222222","0.56","58.33333333","51.72413793","90","17.33333333","19.25925926","20","22.22222222","18.66666667","20.74074074","38.66666667","42.96296296"
"","","GHP2014OHW-PT02","","","","","","","","","GHP2014OHW-PT02-00020","","","","3","2","10","7","4","1","0","4","4","1","1","1","7","4","4","0.4","0","5.8","0.4","6.2","1","0.4","","0.4","0.142857143","0.1","0.142857143","0.1","0.057142857","0.04","0.828571429","0.58","100","6.451612903","70","1.333333333","1.904761905","1.333333333","1.904761905","19.33333333","27.61904762","20.66666667","29.52380952"
"","","GHP2014OHW-PT02","","","","","","","","","GHP2014OHW-PT02-00200","","","","2","2","10","4","4","6","3","2","5","2","2","2","6","5","5","1.6","1.2","1.4","2.8","4.2","9","0.266666667","0.4","0.311111111","2.25","0.9","1.5","0.6","0.7","0.28","0.35","0.14","66.66666667","66.66666667","40","5.333333333","13.33333333","9.333333333","23.33333333","4.666666667","11.66666667","14","35"
"","","GHP2014OHW-PT02","","","","","","","","","GHP2014OHW-PT02-00201","","","","","","10","0","0","0","0","","","","","","","","","0","0","0","0","0","0","","","","","0","","0","","0","","0","","","0","0","","0","","0","","0",""
"","","GHP2014OHW-PT02","","","","","","","","","GHP2014OHW-PT02-00202","","","","","","10","0","0","0","0","","","","","","","","","0","0","0","0","0","0","","","","","0","","0","","0","","0","","","0","0","","0","","0","","0",""
"","","GHP2014OHW-PT02","","","","","","","","","GHP2014OHW-PT02-00203","","","","3","1","10","9","9","13","16","4","5","2","2","2","6","5","5","1.6","0.5","2","2.1","4.1","29","0.123076923","0.03125","0.072413793","3.222222222","2.9","1.444444444","1.3","0.233333333","0.21","0.222222222","0.2","44.82758621","51.2195122","90","5.333333333","5.925925926","7","7.777777778","6.666666667","7.407407407","13.66666667","15.18518519"
"","","GHP2014OHW-PT02","","","","","","","","","GHP2014OHW-PT02-00204","","","","","","10","0","0","0","0","","","","","","","9","","0","0","0","0","0","0","","","","","0","","0","","0","","0","","","0","0","","0","","0","","0",""
"","","GHP2014OHW-PT02","","","","","","","","","GHP2014OHW-PT02-00205","","","","2","1","10","4","3","5","0","4","6","1","1","2","7","6","6","1.4","0","1.2","1.4","2.6","5","0.28","","0.28","1.25","0.5","1.25","0.5","0.35","0.14","0.3","0.12","100","53.84615385","40","4.666666667","11.66666667","4.666666667","11.66666667","4","10","8.666666667","21.66666667"
"","","GHP2014OHW-PT02","","","","","","","","","GHP2014OHW-PT02-00206","","","","","","10","0","0","0","0","","","","","","","9","","0","0","0","0","0","0","","","","","0","","0","","0","","0","","","0","0","","0","","0","","0",""
"","","GHP2014OHW-PT02","","","","","","","","","GHP2014OHW-PT02-00207","","","","1","1","10","7","7","7","13","4","6","2","2","2","7","1","6","1.3","0.5","1.2","1.8","3","20","0.185714286","0.038461538","0.09","2.857142857","2","1","0.7","0.257142857","0.18","0.171428571","0.12","35","60","70","4.333333333","6.19047619","6","8.571428571","4","5.714285714","10","14.28571429"
"","","GHP2014OHW-PT02","","","","","","","","","GHP2014OHW-PT02-00208","","","","2","1","10","3","3","0","2","2","3","1","1","1","5","3","6","0","0.2","1","0.2","1.2","2","","0.1","0.1","0.666666667","0.2","0","0","0.066666667","0.02","0.333333333","0.1","0","16.66666667","30","0","0","0.666666667","2.222222222","3.333333333","11.11111111","4","13.33333333"
"","","GHP2014OHW-PT02","","","","","","","","","GHP2014OHW-PT02-00209","","","","2","2","10","8","8","13","17","6","7","3","3","1","6","4","5","2.5","0.8","0.6","3.3","3.9","30","0.192307692","0.047058824","0.11","3.75","3","1.625","1.3","0.4125","0.33","0.075","0.06","43.33333333","84.61538462","80","8.333333333","10.41666667","11","13.75","2","2.5","13","16.25"
"","","GHP2014OHW-PT02","","","","","","","","","GHP2014OHW-PT02-00021","","","","","","10","0","0","0","0","","","","","","","","","0","0","0","0","0","0","","","","","0","","0","","0","","0","","","0","0","","0","","0","","0",""
"","","GHP2014OHW-PT02","","","","","","","","","GHP2014OHW-PT02-00210","","","","","","10","0","0","0","0","","","","","","7","5","5","0","0","0","0","0","0","","","","","0","","0","","0","","0","","","0","0","","0","","0","","0",""
"","","GHP2014OHW-PT02","","","","","","","","","GHP2014OHW-PT02-00211","","","","","","10","2","0","0","0","","","","","","7","5","5","0","0","1","0","1","0","","","","0","0","0","0","0","0","0.5","0.1","","0","20","0","0","0","0","3.333333333","16.66666667","3.333333333","16.66666667"
"","","GHP2014OHW-PT02","","","","","","","","","GHP2014OHW-PT02-00212","","","","","","10","0","0","0","0","","","","","","1","7","9","0","0","0","0","0","0","","","","","0","","0","","0","","0","","","0","0","","0","","0","","0",""
"","","GHP2014OHW-PT02","","","","","","","","","GHP2014OHW-PT02-00213","","","","2","2","10","6","5","4","2","3","6","3","3","2","3","3","8","0.8","0.2","0.2","1","1.2","6","0.2","0.1","0.166666667","1","0.6","0.666666667","0.4","0.166666667","0.1","0.033333333","0.02","66.66666667","83.33333333","60","2.666666667","4.444444444","3.333333333","5.555555556","0.666666667","1.111111111","4","6.666666667"
"","","GHP2014OHW-PT02","","","","","","","","","GHP2014OHW-PT02-00214","","","","2","1","10","2","2","0","2","2","2","1","1","1","2","7","8","0","0.1","0.6","0.1","0.7","2","","0.05","0.05","1","0.2","0","0","0.05","0.01","0.3","0.06","0","14.28571429","20","0","0","0.333333333","1.666666667","2","10","2.333333333","11.66666667"
"","","GHP2014OHW-PT02","","","","","","","","","GHP2014OHW-PT02-00215","","","","","","10","0","0","0","0","","","","","","","8","","0","0","0","0","0","0","","","","","0","","0","","0","","0","","","0","0","","0","","0","","0",""
"","","GHP2014OHW-PT02","","","","","","","","","GHP2014OHW-PT02-00216","","","","2","1","10","6","5","1","5","2","3","1","1","1","3","6","8","0.3","0.3","0.2","0.6","0.8","6","0.3","0.06","0.1","1","0.6","0.166666667","0.1","0.1","0.06","0.033333333","0.02","16.66666667","75","60","1","1.666666667","2","3.333333333","0.666666667","1.111111111","2.666666667","4.444444444"
"","","GHP2014OHW-PT02","","","","","","","","","GHP2014OHW-PT02-00217","","","","","","10","0","0","0","0","","","","","","1","8","9","0","0","0","0","0","0","","","","","0","","0","","0","","0","","","0","0","","0","","0","","0",""
"","","GHP2014OHW-PT02","","","","","","","","","GHP2014OHW-PT02-00218","","","","2","1","10","5","5","4","5","3","4","1","1","1","5","7","7","0.6","0.2","0.4","0.8","1.2","9","0.15","0.04","0.088888889","1.8","0.9","0.8","0.4","0.16","0.08","0.08","0.04","44.44444444","66.66666667","50","2","4","2.666666667","5.333333333","1.333333333","2.666666667","4","8"
"","","GHP2014OHW-PT02","","","","","","","","","GHP2014OHW-PT02-00219","","","","2","1","10","1","1","2","2","3","4","1","1","1","6","3","5","0.4","0.2","0.8","0.6","1.4","4","0.2","0.1","0.15","4","0.4","2","0.2","0.6","0.06","0.8","0.08","50","42.85714286","10","1.333333333","13.33333333","2","20","2.666666667","26.66666667","4.666666667","46.66666667"
"","","GHP2014OHW-PT02","","","","","","","","","GHP2014OHW-PT02-00022","","","","","","10","8","0","0","0","","","","","","3","8","8","0","0","1.8","0","1.8","0","","","","0","0","0","0","0","0","0.225","0.18","","0","80","0","0","0","0","6","7.5","6","7.5"
"","","GHP2014OHW-PT02","","","","","","","","","GHP2014OHW-PT02-00220","","","","2","1","10","3","1","2","0","2","3","1","1","2","8","4","4","0.3","0","4","0.3","4.3","2","0.15","","0.15","0.666666667","0.2","0.666666667","0.2","0.1","0.03","1.333333333","0.4","100","6.976744186","30","1","3.333333333","1","3.333333333","13.33333333","44.44444444","14.33333333","47.77777778"
"","","GHP2014OHW-PT02","","","","","","","","","GHP2014OHW-PT02-00221","","","","2","1","10","3","2","4","0","3","4","1","1","2","7","5","5","0.7","0","4","0.7","4.7","4","0.175","","0.175","1.333333333","0.4","1.333333333","0.4","0.233333333","0.07","1.333333333","0.4","100","14.89361702","30","2.333333333","7.777777778","2.333333333","7.777777778","13.33333333","44.44444444","15.66666667","52.22222222"
"","","GHP2014OHW-PT02","","","","","","","","","GHP2014OHW-PT02-00222","","","","","","10","0","0","0","0","","","","","","","","","0","0","0","0","0","0","","","","","0","","0","","0","","0","","","0","0","","0","","0","","0",""
"","","GHP2014OHW-PT02","","","","","","","","","GHP2014OHW-PT02-00223","","","","","","10","0","0","0","0","","","","","","","","","0","0","0","0","0","0","","","","","0","","0","","0","","0","","","0","0","","0","","0","","0",""
"","","GHP2014OHW-PT02","","","","","","","","","GHP2014OHW-PT02-00224","","","","","","10","1","0","0","0","","","","","","1","8","9","0","0","0.2","0","0.2","0","","","","0","0","0","0","0","0","0.2","0.02","","0","10","0","0","0","0","0.666666667","6.666666667","0.666666667","6.666666667"
"","","GHP2014OHW-PT02","","","","","","","","","GHP2014OHW-PT02-00225","","","","2","1","10","2","1","0","2","2","2","1","1","1","4","5","7","0","0.1","0.8","0.1","0.9","2","","0.05","0.05","1","0.2","0","0","0.05","0.01","0.4","0.08","0","11.11111111","20","0","0","0.333333333","1.666666667","2.666666667","13.33333333","3","15"
"","","GHP2014OHW-PT02","","","","","","","","","GHP2014OHW-PT02-00226","","","","","","10","6","0","0","0","","","","","","6","3","6","0","0","3.8","0","3.8","0","","","","0","0","0","0","0","0","0.633333333","0.38","","0","60","0","0","0","0","12.66666667","21.11111111","12.66666667","21.11111111"
"","","GHP2014OHW-PT02","","","","","","","","","GHP2014OHW-PT02-00227","","","","2","2","10","8","8","10","13","6","7","2","2","1","7","1","6","2.6","0.7","0.8","3.3","4.1","23","0.26","0.053846154","0.143478261","2.875","2.3","1.25","1","0.4125","0.33","0.1","0.08","43.47826087","80.48780488","80","8.666666667","10.83333333","11","13.75","2.666666667","3.333333333","13.66666667","17.08333333"
"","","GHP2014OHW-PT02","","","","","","","","","GHP2014OHW-PT02-00228","","","","2","2","10","8","8","2","24","3","4","2","2","2","5","3","5","0.5","0.9","0.8","1.4","2.2","26","0.25","0.0375","0.053846154","3.25","2.6","0.25","0.2","0.175","0.14","0.1","0.08","7.692307692","63.63636364","80","1.666666667","2.083333333","4.666666667","5.833333333","2.666666667","3.333333333","7.333333333","9.166666667"
"","","GHP2014OHW-PT02","","","","","","","","","GHP2014OHW-PT02-00229","","","","2","2","10","9","9","6","17","4","6","2","2","2","6","3","5","1.6","0.9","1.8","2.5","4.3","23","0.266666667","0.052941176","0.108695652","2.555555556","2.3","0.666666667","0.6","0.277777778","0.25","0.2","0.18","26.08695652","58.13953488","90","5.333333333","5.925925926","8.333333333","9.259259259","6","6.666666667","14.33333333","15.92592593"
"","","GHP2014OHW-PT02","","","","","","","","","GHP2014OHW-PT02-00023","","","","","","10","0","0","0","0","","","","","","","","","0","0","0","0","0","0","","","","","0","","0","","0","","0","","","0","0","","0","","0","","0",""
"","","GHP2014OHW-PT02","","","","","","","","","GHP2014OHW-PT02-00230","","","","","","10","0","0","0","0","","","","","","","","","0","0","0","0","0","0","","","","","0","","0","","0","","0","","","0","0","","0","","0","","0",""
"","","GHP2014OHW-PT02","","","","","","","","","GHP2014OHW-PT02-00231","","","","2","2","10","8","6","4","7","3","5","4","4","1","7","4","5","1.1","0.4","4","1.5","5.5","11","0.275","0.057142857","0.136363636","1.375","1.1","0.5","0.4","0.1875","0.15","0.5","0.4","36.36363636","27.27272727","80","3.666666667","4.583333333","5","6.25","13.33333333","16.66666667","18.33333333","22.91666667"
"","","GHP2014OHW-PT02","","","","","","","","","GHP2014OHW-PT02-00232","","","","2","2","10","9","8","5","4","5","6","2","2","2","7","4","5","1","0.3","3","1.3","4.3","9","0.2","0.075","0.144444444","1","0.9","0.555555556","0.5","0.144444444","0.13","0.333333333","0.3","55.55555556","30.23255814","90","3.333333333","3.703703704","4.333333333","4.814814815","10","11.11111111","14.33333333","15.92592593"
"","","GHP2014OHW-PT02","","","","","","","","","GHP2014OHW-PT02-00233","","","","2","1","10","4","4","3","10","3","4","1","1","1","4","6","7","0.5","0.4","0.6","0.9","1.5","13","0.166666667","0.04","0.069230769","3.25","1.3","0.75","0.3","0.225","0.09","0.15","0.06","23.07692308","60","40","1.666666667","4.166666667","3","7.5","2","5","5","12.5"
"","","GHP2014OHW-PT02","","","","","","","","","GHP2014OHW-PT02-00234","","","","2","2","10","6","6","4","10","3","5","3","3","2","4","3","7","0.8","0.4","0.4","1.2","1.6","14","0.2","0.04","0.085714286","2.333333333","1.4","0.666666667","0.4","0.2","0.12","0.066666667","0.04","28.57142857","75","60","2.666666667","4.444444444","4","6.666666667","1.333333333","2.222222222","5.333333333","8.888888889"
"","","GHP2014OHW-PT02","","","","","","","","","GHP2014OHW-PT02-00235","","","","2","2","10","5","3","3","0","3","3","3","3","2","4","7","7","0.4","0","0.2","0.4","0.6","3","0.133333333","","0.133333333","0.6","0.3","0.6","0.3","0.08","0.04","0.04","0.02","100","66.66666667","50","1.333333333","2.666666667","1.333333333","2.666666667","0.666666667","1.333333333","2","4"
"","","GHP2014OHW-PT02","","","","","","","","","GHP2014OHW-PT02-00236","","","","3","1","10","9","9","10","12","5","5","1","1","2","4","7","8","1.8","0.6","0.2","2.4","2.6","22","0.18","0.05","0.109090909","2.444444444","2.2","1.111111111","1","0.266666667","0.24","0.022222222","0.02","45.45454545","92.30769231","90","6","6.666666667","8","8.888888889","0.666666667","0.740740741","8.666666667","9.62962963"
"","","GHP2014OHW-PT02","","","","","","","","","GHP2014OHW-PT02-00237","","","","2","1","10","1","1","2","0","3","3","1","1","1","2","7","9","0.3","0","0.2","0.3","0.5","2","0.15","","0.15","2","0.2","2","0.2","0.3","0.03","0.2","0.02","100","60","10","1","10","1","10","0.666666667","6.666666667","1.666666667","16.66666667"
"","","GHP2014OHW-PT02","","","","","","","","","GHP2014OHW-PT02-00238","","","","2","1","10","3","3","0","4","2","2","2","2","1","2","7","8","0","0.2","0.3","0.2","0.5","4","","0.05","0.05","1.333333333","0.4","0","0","0.066666667","0.02","0.1","0.03","0","40","30","0","0","0.666666667","2.222222222","1","3.333333333","1.666666667","5.555555556"
"","","GHP2014OHW-PT02","","","","","","","","","GHP2014OHW-PT02-00239","","","","2","1","10","6","6","0","11","2","3","1","1","1","3","7","8","0","0.5","0.8","0.5","1.3","11","","0.045454545","0.045454545","1.833333333","1.1","0","0","0.083333333","0.05","0.133333333","0.08","0","38.46153846","60","0","0","1.666666667","2.777777778","2.666666667","4.444444444","4.333333333","7.222222222"
"","","GHP2014OHW-PT02","","","","","","","","","GHP2014OHW-PT02-00024","","","","","","10","9","0","0","0","","","","","","9","4","4","0","0","","0","","0","","","","0","0","0","0","0","0","","","","","90","0","0","0","0","","","",""
"","","GHP2014OHW-PT02","","","","","","","","","GHP2014OHW-PT02-00240","","","","2","1","10","3","3","0","8","2","3","1","1","1","3","8","8","0","0.4","0.4","0.4","0.8","8","","0.05","0.05","2.666666667","0.8","0","0","0.133333333","0.04","0.133333333","0.04","0","50","30","0","0","1.333333333","4.444444444","1.333333333","4.444444444","2.666666667","8.888888889"
"","","GHP2014OHW-PT02","","","","","","","","","GHP2014OHW-PT02-00025","","","","2","2","10","8","3","1","12","3","3","2","2","1","3","7","8","0.2","0.4","18.6","0.6","19.2","13","0.2","0.033333333","0.046153846","1.625","1.3","0.125","0.1","0.075","0.06","2.325","1.86","7.692307692","3.125","80","0.666666667","0.833333333","2","2.5","62","77.5","64","80"
"","","GHP2014OHW-PT02","","","","","","","","","GHP2014OHW-PT02-00026","","","","","","10","0","0","0","0","","","","","","1","9","9","0","0","0","0","0","0","","","","","0","","0","","0","","0","","","0","0","","0","","0","","0",""
"","","GHP2014OHW-PT02","","","","","","","","","GHP2014OHW-PT02-00027","","","","3","2","10","10","10","13","13","4","4","2","2","2","4","5","7","1.4","0.5","1.8","1.9","3.7","26","0.107692308","0.038461538","0.073076923","2.6","2.6","1.3","1.3","0.19","0.19","0.18","0.18","50","51.35135135","100","4.666666667","4.666666667","6.333333333","6.333333333","6","6","12.33333333","12.33333333"
"","","GHP2014OHW-PT02","","","","","","","","","GHP2014OHW-PT02-00028","","","","2","1","10","7","3","1","3","4","5","1","1","1","4","5","7","0.3","0.3","1.4","0.6","2","4","0.3","0.1","0.15","0.571428571","0.4","0.142857143","0.1","0.085714286","0.06","0.2","0.14","25","30","70","1","1.428571429","2","2.857142857","4.666666667","6.666666667","6.666666667","9.523809524"
"","","GHP2014OHW-PT02","","","","","","","","","GHP2014OHW-PT02-00029","","","","","","10","0","0","0","0","","","","","","1","9","9","0","0","0","0","0","0","","","","","0","","0","","0","","0","","","0","0","","0","","0","","0",""
"","","GHP2014OHW-PT02","","","","","","","","","GHP2014OHW-PT02-00003","","","","2","3","10","9","7","22","18","6","9","4","4","1","5","6","7","9.1","1.1","5","10.2","15.2","40","0.413636364","0.061111111","0.255","4.444444444","4","2.444444444","2.2","1.133333333","1.02","0.555555556","0.5","55","67.10526316","90","30.33333333","33.7037037","34","37.77777778","16.66666667","18.51851852","50.66666667","56.2962963"
"","","GHP2014OHW-PT02","","","","","","","","","GHP2014OHW-PT02-00030","","","","2","2","10","8","7","6","9","5","7","2","2","1","5","4","6","2.4","0.6","2.8","3","5.8","15","0.4","0.066666667","0.2","1.875","1.5","0.75","0.6","0.375","0.3","0.35","0.28","40","51.72413793","80","8","10","10","12.5","9.333333333","11.66666667","19.33333333","24.16666667"
"","","GHP2014OHW-PT02","","","","","","","","","GHP2014OHW-PT02-00031","","","","","","10","1","0","0","0","","","","","","5","6","6","0","0","0.1","0","0.1","0","","","","0","0","0","0","0","0","0.1","0.01","","0","10","0","0","0","0","0.333333333","3.333333333","0.333333333","3.333333333"
"","","GHP2014OHW-PT02","","","","","","","","","GHP2014OHW-PT02-00032","","","","1","1","10","6","2","0","3","2","2","1","1","1","7","5","5","0","0.1","0.1","0.1","0.2","3","","0.033333333","0.033333333","0.5","0.3","0","0","0.016666667","0.01","0.016666667","0.01","0","50","60","0","0","0.333333333","0.555555556","0.333333333","0.555555556","0.666666667","1.111111111"
"","","GHP2014OHW-PT02","","","","","","","","","GHP2014OHW-PT02-00033","","","","3","1","10","6","2","0","4","2","2","1","1","1","6","5","5","0","0.1","2.2","0.1","2.3","4","","0.025","0.025","0.666666667","0.4","0","0","0.016666667","0.01","0.366666667","0.22","0","4.347826087","60","0","0","0.333333333","0.555555556","7.333333333","12.22222222","7.666666667","12.77777778"
"","","GHP2014OHW-PT02","","","","","","","","","GHP2014OHW-PT02-00034","","","","2","1","10","8","7","12","0","4","5","2","2","2","6","1","6","1.8","0","2","1.8","3.8","12","0.15","","0.15","1.5","1.2","1.5","1.2","0.225","0.18","0.25","0.2","100","47.36842105","80","6","7.5","6","7.5","6.666666667","8.333333333","12.66666667","15.83333333"
"","","GHP2014OHW-PT02","","","","","","","","","GHP2014OHW-PT02-00035","","","","3","1","10","4","2","0","2","5","3","2","2","1","3","8","8","0","0.2","0.1","0.2","0.3","2","","0.1","0.1","0.5","0.2","0","0","0.05","0.02","0.025","0.01","0","66.66666667","40","0","0","0.666666667","1.666666667","0.333333333","0.833333333","1","2.5"
"","","GHP2014OHW-PT02","","","","","","","","","GHP2014OHW-PT02-00036","","","","1","1","10","8","8","3","15","4","3","1","1","1","3","7","8","0.4","0.6","0.1","1","1.1","18","0.133333333","0.04","0.055555556","2.25","1.8","0.375","0.3","0.125","0.1","0.0125","0.01","16.66666667","90.90909091","80","1.333333333","1.666666667","3.333333333","4.166666667","0.333333333","0.416666667","3.666666667","4.583333333"
"","","GHP2014OHW-PT02","","","","","","","","","GHP2014OHW-PT02-00037","","","","2","1","10","4","3","3","8","5","4","1","1","1","5","4","6","0.4","0.3","1.4","0.7","2.1","11","0.133333333","0.0375","0.063636364","2.75","1.1","0.75","0.3","0.175","0.07","0.35","0.14","27.27272727","33.33333333","40","1.333333333","3.333333333","2.333333333","5.833333333","4.666666667","11.66666667","7","17.5"
"","","GHP2014OHW-PT02","","","","","","","","","GHP2014OHW-PT02-00038","","","","","","10","0","0","0","0","","","","","","","9","","0","0","0","0","0","0","","","","","0","","0","","0","","0","","","0","0","","0","","0","","0",""
"","","GHP2014OHW-PT02","","","","","","","","","GHP2014OHW-PT02-00039","","","","","","10","0","0","0","0","","","","","","1","9","9","0","0","0","0","0","0","","","","","0","","0","","0","","0","","","0","0","","0","","0","","0",""
"","","GHP2014OHW-PT02","","","","","","","","","GHP2014OHW-PT02-00004","","","","1","2","10","8","8","21","31","6","7","2","2","1","6","4","4","6.4","1.9","4.8","8.3","13.1","52","0.304761905","0.061290323","0.159615385","6.5","5.2","2.625","2.1","1.0375","0.83","0.6","0.48","40.38461538","63.35877863","80","21.33333333","26.66666667","27.66666667","34.58333333","16","20","43.66666667","54.58333333"
"","","GHP2014OHW-PT02","","","","","","","","","GHP2014OHW-PT02-00040","","","","3","4","10","8","8","11","16","6","6","4","4","1","2","8","8","2.7","0.7","1.8","3.4","5.2","27","0.245454545","0.04375","0.125925926","3.375","2.7","1.375","1.1","0.425","0.34","0.225","0.18","40.74074074","65.38461538","80","9","11.25","11.33333333","14.16666667","6","7.5","17.33333333","21.66666667"
"","","GHP2014OHW-PT02","","","","","","","","","GHP2014OHW-PT02-00041","","","","2","1","10","3","2","2","6","3","3","2","2","1","6","6","6","0.3","0.3","1","0.6","1.6","8","0.15","0.05","0.075","2.666666667","0.8","0.666666667","0.2","0.2","0.06","0.333333333","0.1","25","37.5","30","1","3.333333333","2","6.666666667","3.333333333","11.11111111","5.333333333","17.77777778"
"","","GHP2014OHW-PT02","","","","","","","","","GHP2014OHW-PT02-00042","","","","2","2","10","10","10","18","19","6","6","2","2","1","6","3","6","2.9","0.8","1.6","3.7","5.3","37","0.161111111","0.042105263","0.1","3.7","3.7","1.8","1.8","0.37","0.37","0.16","0.16","48.64864865","69.81132075","100","9.666666667","9.666666667","12.33333333","12.33333333","5.333333333","5.333333333","17.66666667","17.66666667"
"","","GHP2014OHW-PT02","","","","","","","","","GHP2014OHW-PT02-00043","","","","2","1","10","6","6","8","12","4","5","2","2","1","3","5","8","1.3","0.4","1","1.7","2.7","20","0.1625","0.033333333","0.085","3.333333333","2","1.333333333","0.8","0.283333333","0.17","0.166666667","0.1","40","62.96296296","60","4.333333333","7.222222222","5.666666667","9.444444444","3.333333333","5.555555556","9","15"
"","","GHP2014OHW-PT02","","","","","","","","","GHP2014OHW-PT02-00044","","","","2","2","10","10","10","21","32","7","7","2","2","1","6","1","7","5.8","1.8","2","7.6","9.6","53","0.276190476","0.05625","0.143396226","5.3","5.3","2.1","2.1","0.76","0.76","0.2","0.2","39.62264151","79.16666667","100","19.33333333","19.33333333","25.33333333","25.33333333","6.666666667","6.666666667","32","32"
"","","GHP2014OHW-PT02","","","","","","","","","GHP2014OHW-PT02-00045","","","","1","2","10","6","5","7","2","5","5","1","1","1","3","7","8","1.5","0.2","1","1.7","2.7","9","0.214285714","0.1","0.188888889","1.5","0.9","1.166666667","0.7","0.283333333","0.17","0.166666667","0.1","77.77777778","62.96296296","60","5","8.333333333","5.666666667","9.444444444","3.333333333","5.555555556","9","15"
"","","GHP2014OHW-PT02","","","","","","","","","GHP2014OHW-PT02-00046","","","","1","1","10","9","5","4","14","3","3","1","1","1","7","1","5","0.5","0.6","6.8","1.1","7.9","18","0.125","0.042857143","0.061111111","2","1.8","0.444444444","0.4","0.122222222","0.11","0.755555556","0.68","22.22222222","13.92405063","90","1.666666667","1.851851852","3.666666667","4.074074074","22.66666667","25.18518519","26.33333333","29.25925926"
"","","GHP2014OHW-PT02","","","","","","","","","GHP2014OHW-PT02-00047","","","","2","1","10","5","5","14","12","5","4","1","1","1","5","4","7","1.9","0.6","2","2.5","4.5","26","0.135714286","0.05","0.096153846","5.2","2.6","2.8","1.4","0.5","0.25","0.4","0.2","53.84615385","55.55555556","50","6.333333333","12.66666667","8.333333333","16.66666667","6.666666667","13.33333333","15","30"
"","","GHP2014OHW-PT02","","","","","","","","","GHP2014OHW-PT02-00048","","","","3","2","10","9","9","20","6","6","6","1","1","1","6","4","6","4.3","0.3","3.6","4.6","8.2","26","0.215","0.05","0.176923077","2.888888889","2.6","2.222222222","2","0.511111111","0.46","0.4","0.36","76.92307692","56.09756098","90","14.33333333","15.92592593","15.33333333","17.03703704","12","13.33333333","27.33333333","30.37037037"
"","","GHP2014OHW-PT02","","","","","","","","","GHP2014OHW-PT02-00049","","","","2","2","10","8","6","12","9","5","6","1","1","1","6","1","6","3.2","0.5","2.2","3.7","5.9","21","0.266666667","0.055555556","0.176190476","2.625","2.1","1.5","1.2","0.4625","0.37","0.275","0.22","57.14285714","62.71186441","80","10.66666667","13.33333333","12.33333333","15.41666667","7.333333333","9.166666667","19.66666667","24.58333333"
"","","GHP2014OHW-PT02","","","","","","","","","GHP2014OHW-PT02-00005","","","","2","3","10","9","9","11","6","5","8","3","3","1","4","4","7","5.1","0.5","1.6","5.6","7.2","17","0.463636364","0.083333333","0.329411765","1.888888889","1.7","1.222222222","1.1","0.622222222","0.56","0.177777778","0.16","64.70588235","77.77777778","90","17","18.88888889","18.66666667","20.74074074","5.333333333","5.925925926","24","26.66666667"
"","","GHP2014OHW-PT02","","","","","","","","","GHP2014OHW-PT02-00050","","","","2","2","10","4","4","3","9","5","4","2","2","1","3","8","8","0.5","0.3","0.4","0.8","1.2","12","0.166666667","0.033333333","0.066666667","3","1.2","0.75","0.3","0.2","0.08","0.1","0.04","25","66.66666667","40","1.666666667","4.166666667","2.666666667","6.666666667","1.333333333","3.333333333","4","10"
"","","GHP2014OHW-PT02","","","","","","","","","GHP2014OHW-PT02-00051","","","","2","1","10","2","2","0","5","2","2","1","1","1","6","6","7","0","0.1","1.6","0.1","1.7","5","","0.02","0.02","2.5","0.5","0","0","0.05","0.01","0.8","0.16","0","5.882352941","20","0","0","0.333333333","1.666666667","5.333333333","26.66666667","5.666666667","28.33333333"
"","","GHP2014OHW-PT02","","","","","","","","","GHP2014OHW-PT02-00052","","","","","","10","1","0","0","0","","","","","","2","8","8","0","0","0.2","0","0.2","0","","","","0","0","0","0","0","0","0.2","0.02","","0","10","0","0","0","0","0.666666667","6.666666667","0.666666667","6.666666667"
"","","GHP2014OHW-PT02","","","","","","","","","GHP2014OHW-PT02-00053","","","","1","1","10","9","1","0","2","3","3","1","1","1","8","1","4","0","0.2","6.8","0.2","7","2","","0.1","0.1","0.222222222","0.2","0","0","0.022222222","0.02","0.755555556","0.68","0","2.857142857","90","0","0","0.666666667","0.740740741","22.66666667","25.18518519","23.33333333","25.92592593"
"","","GHP2014OHW-PT02","","","","","","","","","GHP2014OHW-PT02-00054","","","","4","1","10","9","7","6","14","3","3","2","2","1","8","1","5","0.9","0.6","5.8","1.5","7.3","20","0.15","0.042857143","0.075","2.222222222","2","0.666666667","0.6","0.166666667","0.15","0.644444444","0.58","30","20.54794521","90","3","3.333333333","5","5.555555556","19.33333333","21.48148148","24.33333333","27.03703704"
"","","GHP2014OHW-PT02","","","","","","","","","GHP2014OHW-PT02-00055","","","","2","2","10","9","9","31","29","6","5","2","2","1","5","6","7","4.6","0.9","1","5.5","6.5","60","0.148387097","0.031034483","0.091666667","6.666666667","6","3.444444444","3.1","0.611111111","0.55","0.111111111","0.1","51.66666667","84.61538462","90","15.33333333","17.03703704","18.33333333","20.37037037","3.333333333","3.703703704","21.66666667","24.07407407"
"","","GHP2014OHW-PT02","","","","","","","","","GHP2014OHW-PT02-00056","","","","2","2","10","8","8","11","21","6","6","4","4","1","6","4","5","2.9","1","1.4","3.9","5.3","32","0.263636364","0.047619048","0.121875","4","3.2","1.375","1.1","0.4875","0.39","0.175","0.14","34.375","73.58490566","80","9.666666667","12.08333333","13","16.25","4.666666667","5.833333333","17.66666667","22.08333333"
"","","GHP2014OHW-PT02","","","","","","","","","GHP2014OHW-PT02-00057","","","","1","","10","3","","","","","","","","","2","8","8","","","0.2","","","","","","","","","","","","","0.066666667","0.02","","","30","","","","","0.666666667","2.222222222","",""
"","","GHP2014OHW-PT02","","","","","","","","","GHP2014OHW-PT02-00058","","","","2","2","10","5","4","3","8","4","4","2","2","1","8","1","4","0.5","0.3","1.2","0.8","2","11","0.166666667","0.0375","0.072727273","2.2","1.1","0.6","0.3","0.16","0.08","0.24","0.12","27.27272727","40","50","1.666666667","3.333333333","2.666666667","5.333333333","4","8","6.666666667","13.33333333"
"","","GHP2014OHW-PT02","","","","","","","","","GHP2014OHW-PT02-00059","","","","2","2","10","9","9","16","12","6","6","2","2","1","7","1","5","3.7","0.6","2.8","4.3","7.1","28","0.23125","0.05","0.153571429","3.111111111","2.8","1.777777778","1.6","0.477777778","0.43","0.311111111","0.28","57.14285714","60.56338028","90","12.33333333","13.7037037","14.33333333","15.92592593","9.333333333","10.37037037","23.66666667","26.2962963"
"","","GHP2014OHW-PT02","","","","","","","","","GHP2014OHW-PT02-00006","","","","","","10","2","0","0","0","","","","","","3","9","8","0","0","1","0","1","0","","","","0","0","0","0","0","0","0.5","0.1","","0","20","0","0","0","0","3.333333333","16.66666667","3.333333333","16.66666667"
"","","GHP2014OHW-PT02","","","","","","","","","GHP2014OHW-PT02-00060","","","","2","1","10","7","7","7","2","5","5","1","1","1","5","6","7","1.1","0.2","0.3","1.3","1.6","9","0.157142857","0.1","0.144444444","1.285714286","0.9","1","0.7","0.185714286","0.13","0.042857143","0.03","77.77777778","81.25","70","3.666666667","5.238095238","4.333333333","6.19047619","1","1.428571429","5.333333333","7.619047619"
"","","GHP2014OHW-PT02","","","","","","","","","GHP2014OHW-PT02-00061","","","","1","1","10","8","8","13","13","5","5","3","3","1","6","1","6","2","0.7","0.2","2.7","2.9","26","0.153846154","0.053846154","0.103846154","3.25","2.6","1.625","1.3","0.3375","0.27","0.025","0.02","50","93.10344828","80","6.666666667","8.333333333","9","11.25","0.666666667","0.833333333","9.666666667","12.08333333"
"","","GHP2014OHW-PT02","","","","","","","","","GHP2014OHW-PT02-00062","","","","2","2","10","4","3","4","0","5","4","2","2","1","2","8","8","0.9","0","0.1","0.9","1","4","0.225","","0.225","1","0.4","1","0.4","0.225","0.09","0.025","0.01","100","90","40","3","7.5","3","7.5","0.333333333","0.833333333","3.333333333","8.333333333"
"","","GHP2014OHW-PT02","","","","","","","","","GHP2014OHW-PT02-00063","","","","4","1","10","8","1","1","1","3","3","1","1","1","8","1","4","0.3","0.1","7.2","0.4","7.6","2","0.3","0.1","0.2","0.25","0.2","0.125","0.1","0.05","0.04","0.9","0.72","50","5.263157895","80","1","1.25","1.333333333","1.666666667","24","30","25.33333333","31.66666667"
"","","GHP2014OHW-PT02","","","","","","","","","GHP2014OHW-PT02-00064","","","","3","2","10","9","8","8","12","3","4","1","1","1","4","8","7","1","0.4","1.6","1.4","3","20","0.125","0.033333333","0.07","2.222222222","2","0.888888889","0.8","0.155555556","0.14","0.177777778","0.16","40","46.66666667","90","3.333333333","3.703703704","4.666666667","5.185185185","5.333333333","5.925925926","10","11.11111111"
"","","GHP2014OHW-PT02","","","","","","","","","GHP2014OHW-PT02-00065","","","","","","10","0","0","0","0","","","","","","","","","0","0","0","0","0","0","","","","","0","","0","","0","","0","","","0","0","","0","","0","","0",""
"","","GHP2014OHW-PT02","","","","","","","","","GHP2014OHW-PT02-00066","","","","1","1","10","5","2","3","6","2","2","1","1","1","3","8","7","0.3","0.2","0.1","0.5","0.6","9","0.1","0.033333333","0.055555556","1.8","0.9","0.6","0.3","0.1","0.05","0.02","0.01","33.33333333","83.33333333","50","1","2","1.666666667","3.333333333","0.333333333","0.666666667","2","4"
"","","GHP2014OHW-PT02","","","","","","","","","GHP2014OHW-PT02-00067","","","","2","2","10","7","7","4","16","4","4","3","3","1","7","3","4","0.6","0.6","7.2","1.2","8.4","20","0.15","0.0375","0.06","2.857142857","2","0.571428571","0.4","0.171428571","0.12","1.028571429","0.72","20","14.28571429","70","2","2.857142857","4","5.714285714","24","34.28571429","28","40"
"","","GHP2014OHW-PT02","","","","","","","","","GHP2014OHW-PT02-00068","","","","4","4","10","7","7","14","16","5","6","5","5","1","6","5","6","2.7","1","0.6","3.7","4.3","30","0.192857143","0.0625","0.123333333","4.285714286","3","2","1.4","0.528571429","0.37","0.085714286","0.06","46.66666667","86.04651163","70","9","12.85714286","12.33333333","17.61904762","2","2.857142857","14.33333333","20.47619048"
"","","GHP2014OHW-PT02","","","","","","","","","GHP2014OHW-PT02-00069","","","","1","1","10","8","8","9","5","5","5","2","2","1","8","1","4","1.8","0.3","3.2","2.1","5.3","14","0.2","0.06","0.15","1.75","1.4","1.125","0.9","0.2625","0.21","0.4","0.32","64.28571429","39.62264151","80","6","7.5","7","8.75","10.66666667","13.33333333","17.66666667","22.08333333"
"","","GHP2014OHW-PT02","","","","","","","","","GHP2014OHW-PT02-00007","","","","3","2","10","5","3","2","2","4","4","2","2","1","3","7","7","0.6","0.2","1.2","0.8","2","4","0.3","0.1","0.2","0.8","0.4","0.4","0.2","0.16","0.08","0.24","0.12","50","40","50","2","4","2.666666667","5.333333333","4","8","6.666666667","13.33333333"
"","","GHP2014OHW-PT02","","","","","","","","","GHP2014OHW-PT02-00070","","","","3","3","10","10","10","13","24","5","5","4","4","1","7","4","5","2.4","1.3","1.4","3.7","5.1","37","0.184615385","0.054166667","0.1","3.7","3.7","1.3","1.3","0.37","0.37","0.14","0.14","35.13513514","72.54901961","100","8","8","12.33333333","12.33333333","4.666666667","4.666666667","17","17"
"","","GHP2014OHW-PT02","","","","","","","","","GHP2014OHW-PT02-00071","","","","2","1","10","7","7","3","12","3","3","2","2","1","3","5","8","0.3","0.5","0.1","0.8","0.9","15","0.1","0.041666667","0.053333333","2.142857143","1.5","0.428571429","0.3","0.114285714","0.08","0.014285714","0.01","20","88.88888889","70","1","1.428571429","2.666666667","3.80952381","0.333333333","0.476190476","3","4.285714286"
"","","GHP2014OHW-PT02","","","","","","","","","GHP2014OHW-PT02-00072","","","","","","10","0","0","0","0","","","","","","1","9","9","0","0","0","0","0","0","","","","","0","","0","","0","","0","","","0","0","","0","","0","","0",""
"","","GHP2014OHW-PT02","","","","","","","","","GHP2014OHW-PT02-00073","","","","1","1","10","2","1","2","0","4","3","2","2","1","7","5","5","0.3","0","0.8","0.3","1.1","2","0.15","","0.15","1","0.2","1","0.2","0.15","0.03","0.4","0.08","100","27.27272727","20","1","5","1","5","2.666666667","13.33333333","3.666666667","18.33333333"
"","","GHP2014OHW-PT02","","","","","","","","","GHP2014OHW-PT02-00074","","","","3","1","10","2","1","0","3","2","3","4","4","1","4","5","7","0","0.1","0.6","0.1","0.7","3","","0.033333333","0.033333333","1.5","0.3","0","0","0.05","0.01","0.3","0.06","0","14.28571429","20","0","0","0.333333333","1.666666667","2","10","2.333333333","11.66666667"
"","","GHP2014OHW-PT02","","","","","","","","","GHP2014OHW-PT02-00075","","","","3","3","10","5","5","5","8","3","4","3","3","1","3","7","8","0.6","0.4","0.2","1","1.2","13","0.12","0.05","0.076923077","2.6","1.3","1","0.5","0.2","0.1","0.04","0.02","38.46153846","83.33333333","50","2","4","3.333333333","6.666666667","0.666666667","1.333333333","4","8"
"","","GHP2014OHW-PT02","","","","","","","","","GHP2014OHW-PT02-00076","","","","2","2","10","5","4","2","10","3","3","2","2","1","6","3","5","0.3","0.5","2.4","0.8","3.2","12","0.15","0.05","0.066666667","2.4","1.2","0.4","0.2","0.16","0.08","0.48","0.24","16.66666667","25","50","1","2","2.666666667","5.333333333","8","16","10.66666667","21.33333333"
"","","GHP2014OHW-PT02","","","","","","","","","GHP2014OHW-PT02-00077","","","","","","10","7","0","0","0","","","","","","3","8","8","0","0","0.2","0","0.2","0","","","","0","0","0","0","0","0","0.028571429","0.02","","0","70","0","0","0","0","0.666666667","0.952380952","0.666666667","0.952380952"
"","","GHP2014OHW-PT02","","","","","","","","","GHP2014OHW-PT02-00078","","","","3","1","10","4","1","1","0","2","3","1","1","1","3","7","7","0.2","0","0.6","0.2","0.8","1","0.2","","0.2","0.25","0.1","0.25","0.1","0.05","0.02","0.15","0.06","100","25","40","0.666666667","1.666666667","0.666666667","1.666666667","2","5","2.666666667","6.666666667"
"","","GHP2014OHW-PT02","","","","","","","","","GHP2014OHW-PT02-00079","","","","","","10","7","0","0","0","","","","","","2","8","8","0","0","0.6","0","0.6","0","","","","0","0","0","0","0","0","0.085714286","0.06","","0","70","0","0","0","0","2","2.857142857","2","2.857142857"
"","","GHP2014OHW-PT02","","","","","","","","","GHP2014OHW-PT02-00008","","","","3","1","10","6","4","3","5","3","3","3","3","1","3","7","8","0.3","0.3","0.8","0.6","1.4","8","0.1","0.06","0.075","1.333333333","0.8","0.5","0.3","0.1","0.06","0.133333333","0.08","37.5","42.85714286","60","1","1.666666667","2","3.333333333","2.666666667","4.444444444","4.666666667","7.777777778"
"","","GHP2014OHW-PT02","","","","","","","","","GHP2014OHW-PT02-00080","","","","2","2","10","8","7","8","12","5","7","2","2","1","9","1","4","2.7","0.8","10.2","3.5","13.7","20","0.3375","0.066666667","0.175","2.5","2","1","0.8","0.4375","0.35","1.275","1.02","40","25.54744526","80","9","11.25","11.66666667","14.58333333","34","42.5","45.66666667","57.08333333"
"","","GHP2014OHW-PT02","","","","","","","","","GHP2014OHW-PT02-00081","","","","1","1","10","8","8","22","22","5","6","2","2","1","7","1","5","4.6","1.1","1","5.7","6.7","44","0.209090909","0.05","0.129545455","5.5","4.4","2.75","2.2","0.7125","0.57","0.125","0.1","50","85.07462687","80","15.33333333","19.16666667","19","23.75","3.333333333","4.166666667","22.33333333","27.91666667"
"","","GHP2014OHW-PT02","","","","","","","","","GHP2014OHW-PT02-00082","","","","3","1","10","5","2","3","0","2","2","1","1","1","6","5","5","0.2","0","0.8","0.2","1","3","0.066666667","","0.066666667","0.6","0.3","0.6","0.3","0.04","0.02","0.16","0.08","100","20","50","0.666666667","1.333333333","0.666666667","1.333333333","2.666666667","5.333333333","3.333333333","6.666666667"
"","","GHP2014OHW-PT02","","","","","","","","","GHP2014OHW-PT02-00083","","","","2","1","10","6","5","6","11","4","4","2","2","1","6","5","4","0.8","0.4","3.4","1.2","4.6","17","0.133333333","0.036363636","0.070588235","2.833333333","1.7","1","0.6","0.2","0.12","0.566666667","0.34","35.29411765","26.08695652","60","2.666666667","4.444444444","4","6.666666667","11.33333333","18.88888889","15.33333333","25.55555556"
"","","GHP2014OHW-PT02","","","","","","","","","GHP2014OHW-PT02-00084","","","","2","1","10","6","3","0","3","2","2","2","2","1","5","5","6","0","0.1","0.2","0.1","0.3","3","","0.033333333","0.033333333","0.5","0.3","0","0","0.016666667","0.01","0.033333333","0.02","0","33.33333333","60","0","0","0.333333333","0.555555556","0.666666667","1.111111111","1","1.666666667"
"","","GHP2014OHW-PT02","","","","","","","","","GHP2014OHW-PT02-00085","","","","","","10","0","0","0","0","","","","","","","9","","0","0","0","0","0","0","","","","","0","","0","","0","","0","","","0","0","","0","","0","","0",""
"","","GHP2014OHW-PT02","","","","","","","","","GHP2014OHW-PT02-00086","","","","2","1","10","6","3","2","0","3","3","2","2","1","2","7","8","0.2","0","1","0.2","1.2","2","0.1","","0.1","0.333333333","0.2","0.333333333","0.2","0.033333333","0.02","0.166666667","0.1","100","16.66666667","60","0.666666667","1.111111111","0.666666667","1.111111111","3.333333333","5.555555556","4","6.666666667"
"","","GHP2014OHW-PT02","","","","","","","","","GHP2014OHW-PT02-00087","","","","","","10","0","0","0","0","","","","","","","","","0","0","0","0","0","0","","","","","0","","0","","0","","0","","","0","0","","0","","0","","0",""
"","","GHP2014OHW-PT02","","","","","","","","","GHP2014OHW-PT02-00088","","","","","","10","0","0","0","0","","","","","","","","","0","0","0","0","0","0","","","","","0","","0","","0","","0","","","0","0","","0","","0","","0",""
"","","GHP2014OHW-PT02","","","","","","","","","GHP2014OHW-PT02-00089","","","","","","10","0","0","0","0","","","","","","","","","0","0","0","0","0","0","","","","","0","","0","","0","","0","","","0","0","","0","","0","","0",""
"","","GHP2014OHW-PT02","","","","","","","","","GHP2014OHW-PT02-00009","","","","4","","10","2","","","","","","","","","2","7","8","","","","","","","","","","","","","","","","","","","","20","","","","","","","",""
"","","GHP2014OHW-PT02","","","","","","","","","GHP2014OHW-PT02-00090","","","","","","10","0","0","0","0","","","","","","","9","","0","0","0","0","0","0","","","","","0","","0","","0","","0","","","0","0","","0","","0","","0",""
"","","GHP2014OHW-PT02","","","","","","","","","GHP2014OHW-PT02-00091","","","","2","2","10","10","10","19","22","6","6","2","2","1","7","1","5","3.8","1.1","3","4.9","7.9","41","0.2","0.05","0.119512195","4.1","4.1","1.9","1.9","0.49","0.49","0.3","0.3","46.34146341","62.02531646","100","12.66666667","12.66666667","16.33333333","16.33333333","10","10","26.33333333","26.33333333"
"","","GHP2014OHW-PT02","","","","","","","","","GHP2014OHW-PT02-00092","","","","1","1","10","3","1","0","3","3","2","1","1","1","6","5","5","0","0.2","2.8","0.2","3","3","","0.066666667","0.066666667","1","0.3","0","0","0.066666667","0.02","0.933333333","0.28","0","6.666666667","30","0","0","0.666666667","2.222222222","9.333333333","31.11111111","10","33.33333333"
"","","GHP2014OHW-PT02","","","","","","","","","GHP2014OHW-PT02-00093","","","","","","10","3","0","0","0","","","","","","7","4","5","0","0","6","0","6","0","","","","0","0","0","0","0","0","2","0.6","","0","30","0","0","0","0","20","66.66666667","20","66.66666667"
"","","GHP2014OHW-PT02","","","","","","","","","GHP2014OHW-PT02-00094","","","","3","2","10","9","9","5","12","4","3","3","3","1","3","8","8","0.6","0.4","0.8","1","1.8","17","0.12","0.033333333","0.058823529","1.888888889","1.7","0.555555556","0.5","0.111111111","0.1","0.088888889","0.08","29.41176471","55.55555556","90","2","2.222222222","3.333333333","3.703703704","2.666666667","2.962962963","6","6.666666667"
"","","GHP2014OHW-PT02","","","","","","","","","GHP2014OHW-PT02-00095","","","","1","1","10","6","5","5","5","4","4","1","1","1","7","5","5","0.7","0.2","1.4","0.9","2.3","10","0.14","0.04","0.09","1.666666667","1","0.833333333","0.5","0.15","0.09","0.233333333","0.14","50","39.13043478","60","2.333333333","3.888888889","3","5","4.666666667","7.777777778","7.666666667","12.77777778"
"","","GHP2014OHW-PT02","","","","","","","","","GHP2014OHW-PT02-00096","","","","2","2","10","8","6","3","","3","4","2","2","1","3","8","8","8","0.3","1.2","8.3","9.5","","2.666666667","","","","","0.375","0.3","1.0375","0.83","0.15","0.12","","87.36842105","80","26.66666667","33.33333333","27.66666667","34.58333333","4","5","31.66666667","39.58333333"
"","","GHP2014OHW-PT02","","","","","","","","","GHP2014OHW-PT02-00097","","","","1","2","10","3","2","4","4","4","9","1","1","2","3","7","7","3.6","0.4","3.8","4","7.8","8","0.9","0.1","0.5","2.666666667","0.8","1.333333333","0.4","1.333333333","0.4","1.266666667","0.38","50","51.28205128","30","12","40","13.33333333","44.44444444","12.66666667","42.22222222","26","86.66666667"
"","","GHP2014OHW-PT02","","","","","","","","","GHP2014OHW-PT02-00098","","","","2","1","10","3","2","1","3","3","3","1","1","1","6","6","6","0.2","0.1","1","0.3","1.3","4","0.2","0.033333333","0.075","1.333333333","0.4","0.333333333","0.1","0.1","0.03","0.333333333","0.1","25","23.07692308","30","0.666666667","2.222222222","1","3.333333333","3.333333333","11.11111111","4.333333333","14.44444444"
"","","GHP2014OHW-PT02","","","","","","","","","GHP2014OHW-PT02-00099","","","","","","10","0","0","0","0","","","","","","","9","","0","0","0","0","0","0","","","","","0","","0","","0","","0","","","0","0","","0","","0","","0",""
